"filename", "language", "C++", "Python", "JSON", "Markdown", "XML", "Log", "C", "comment", "blank", "total"
"c:\Users\11146\OneDrive\ACM\Check\dp.cpp", "C++", 22, 0, 0, 0, 0, 0, 0, 6, 2, 30
"c:\Users\11146\OneDrive\ACM\Check\gen.cpp", "C++", 54, 0, 0, 0, 0, 0, 0, 1, 3, 58
"c:\Users\11146\OneDrive\ACM\Contest_Old\2021天梯赛\L1-2 邪恶TXT (5 分).cpp", "C++", 14, 0, 0, 0, 0, 0, 0, 0, 2, 16
"c:\Users\11146\OneDrive\ACM\Contest_Old\2021天梯赛\L1-4 勋总的课1 (15 分).cpp", "C++", 48, 0, 0, 0, 0, 0, 0, 5, 5, 58
"c:\Users\11146\OneDrive\ACM\Contest_Old\2021天梯赛\L1-5 谁是龙王 (15 分).cpp", "C++", 36, 0, 0, 0, 0, 0, 0, 5, 4, 45
"c:\Users\11146\OneDrive\ACM\Contest_Old\2021天梯赛\L1-6 背靠背 (15 分).cpp", "C++", 30, 0, 0, 0, 0, 0, 0, 0, 5, 35
"c:\Users\11146\OneDrive\ACM\Contest_Old\2021天梯赛\L1-7 暴风雨前的宁静 (15 分).cpp", "C++", 34, 0, 0, 0, 0, 0, 0, 0, 4, 38
"c:\Users\11146\OneDrive\ACM\Contest_Old\2021天梯赛\L1-8 Nobody knows code better than me (2.cpp", "C++", 39, 0, 0, 0, 0, 0, 0, 0, 4, 43
"c:\Users\11146\OneDrive\ACM\Contest_Old\2021天梯赛\L2-1 勋总的课2 (20 分).cpp", "C++", 135, 0, 0, 0, 0, 0, 0, 0, 4, 139
"c:\Users\11146\OneDrive\ACM\Contest_Old\2021天梯赛\L2-2 从零开始的良心出题人招募 (25 分).cpp", "C++", 39, 0, 0, 0, 0, 0, 0, 0, 6, 45
"c:\Users\11146\OneDrive\ACM\Contest_Old\2021天梯赛\L2-3 SICP熵 (20 分).cpp", "C++", 36, 0, 0, 0, 0, 0, 0, 0, 4, 40
"c:\Users\11146\OneDrive\ACM\Contest_Old\2021天梯赛\L2-4 廉讯公司 (25 分).cpp", "C++", 114, 0, 0, 0, 0, 0, 0, 1, 7, 122
"c:\Users\11146\OneDrive\ACM\Contest_Old\2021天梯赛\L3-1 LFU (30 分).cpp", "C++", 82, 0, 0, 0, 0, 0, 0, 0, 5, 87
"c:\Users\11146\OneDrive\ACM\Contest_Old\2021天梯赛\L3-2 汤氏集团 (30 分).cpp", "C++", 31, 0, 0, 0, 0, 0, 0, 0, 4, 35
"c:\Users\11146\OneDrive\ACM\Contest_Old\2021天梯赛\t3.cpp", "C++", 21, 0, 0, 0, 0, 0, 0, 0, 3, 24
"c:\Users\11146\OneDrive\ACM\Contest_Old\2021天梯赛\test.cpp", "C++", 16, 0, 0, 0, 0, 0, 0, 0, 3, 19
"c:\Users\11146\OneDrive\ACM\Contest_Old\NOIP\2020\D1T1排水系统.cpp", "C++", 93, 0, 0, 0, 0, 0, 0, 10, 6, 109
"c:\Users\11146\OneDrive\ACM\Contest_Old\PKU Campus 2021\I.cpp", "C++", 66, 0, 0, 0, 0, 0, 0, 6, 6, 78
"c:\Users\11146\OneDrive\ACM\Contest_Old\PKU Campus 2021\J.cpp", "C++", 45, 0, 0, 0, 0, 0, 0, 7, 5, 57
"c:\Users\11146\OneDrive\ACM\Contest_Old\PKU Campus 2021\Untitled-1.cpp", "C++", 12, 0, 0, 0, 0, 0, 0, 0, 3, 15
"c:\Users\11146\OneDrive\ACM\Contest_Old\PKU Campus 2021\k.cpp", "C++", 109, 0, 0, 0, 0, 0, 0, 8, 2, 119
"c:\Users\11146\OneDrive\ACM\Contest_Old\第二届 “美团杯” 程序设计挑战赛\K. 杳瑶寺吴遥寺.cpp", "C++", 64, 0, 0, 0, 0, 0, 0, 10, 6, 80
"c:\Users\11146\OneDrive\ACM\Contest_Old\第二届 “美团杯” 程序设计挑战赛\M. 游泳.cpp", "C++", 71, 0, 0, 0, 0, 0, 0, 1, 5, 77
"c:\Users\11146\OneDrive\ACM\OpenjudgeNow\AcWing\1015. 摘花生.cpp", "C++", 28, 0, 0, 0, 0, 0, 0, 0, 4, 32
"c:\Users\11146\OneDrive\ACM\OpenjudgeNow\AcWing\1101. 献给阿尔吉侬的花束.cpp", "C++", 73, 0, 0, 0, 0, 0, 0, 0, 5, 78
"c:\Users\11146\OneDrive\ACM\OpenjudgeNow\AcWing\1113. 红与黑.cpp", "C++", 56, 0, 0, 0, 0, 0, 0, 1, 3, 60
"c:\Users\11146\OneDrive\ACM\OpenjudgeNow\AcWing\1227. 分巧克力.cpp", "C++", 34, 0, 0, 0, 0, 0, 0, 1, 3, 38
"c:\Users\11146\OneDrive\ACM\OpenjudgeNow\AcWing\126. 最大的和.cpp", "C++", 29, 0, 0, 0, 0, 0, 0, 7, 3, 39
"c:\Users\11146\OneDrive\ACM\OpenjudgeNow\AcWing\1341. 十三号星期五.cpp", "C++", 23, 0, 0, 0, 0, 0, 0, 0, 4, 27
"c:\Users\11146\OneDrive\ACM\OpenjudgeNow\AcWing\1346. 回文平方.cpp", "C++", 44, 0, 0, 0, 0, 0, 0, 12, 7, 63
"c:\Users\11146\OneDrive\ACM\OpenjudgeNow\AcWing\1353. 滑雪场设计.cpp", "C++", 27, 0, 0, 0, 0, 0, 0, 0, 3, 30
"c:\Users\11146\OneDrive\ACM\OpenjudgeNow\AcWing\1371. 货币系统.cpp", "C++", 17, 0, 0, 0, 0, 0, 0, 0, 4, 21
"c:\Users\11146\OneDrive\ACM\OpenjudgeNow\AcWing\1381. 阶乘.cpp", "C++", 19, 0, 0, 0, 0, 0, 0, 0, 2, 21
"c:\Users\11146\OneDrive\ACM\OpenjudgeNow\AcWing\1402. 星空之夜.cpp", "C++", 1, 0, 0, 0, 0, 0, 0, 0, 0, 1
"c:\Users\11146\OneDrive\ACM\OpenjudgeNow\AcWing\1432. 棋盘挑战.cpp", "C++", 42, 0, 0, 0, 0, 0, 0, 0, 4, 46
"c:\Users\11146\OneDrive\ACM\OpenjudgeNow\AcWing\1532. 找硬币.cpp", "C++", 34, 0, 0, 0, 0, 0, 0, 0, 4, 38
"c:\Users\11146\OneDrive\ACM\OpenjudgeNow\AcWing\1603. 整数集合划分.cpp", "C++", 20, 0, 0, 0, 0, 0, 0, 1, 2, 23
"c:\Users\11146\OneDrive\ACM\OpenjudgeNow\AcWing\282. 石子合并.cpp", "C++", 53, 0, 0, 0, 0, 0, 0, 3, 4, 60
"c:\Users\11146\OneDrive\ACM\OpenjudgeNow\AcWing\3195. 有趣的数.cpp", "C++", 48, 0, 0, 0, 0, 0, 0, 1, 4, 53
"c:\Users\11146\OneDrive\ACM\OpenjudgeNow\AcWing\3205. 最优配餐.cpp", "C++", 39, 0, 0, 0, 0, 0, 0, 1, 3, 43
"c:\Users\11146\OneDrive\ACM\OpenjudgeNow\AcWing\3208. Z字形扫描.cpp", "C++", 74, 0, 0, 0, 0, 0, 0, 0, 4, 78
"c:\Users\11146\OneDrive\ACM\OpenjudgeNow\AcWing\3215. 网络延时-rebuild.cpp", "C++", 81, 0, 0, 0, 0, 0, 0, 2, 5, 88
"c:\Users\11146\OneDrive\ACM\OpenjudgeNow\AcWing\3215. 网络延时.cpp", "C++", 76, 0, 0, 0, 0, 0, 0, 9, 5, 90
"c:\Users\11146\OneDrive\ACM\OpenjudgeNow\AcWing\3240. 压缩编码.cpp", "C++", 36, 0, 0, 0, 0, 0, 0, 1, 3, 40
"c:\Users\11146\OneDrive\ACM\OpenjudgeNow\AcWing\3250. 通信网络.cpp", "C++", 93, 0, 0, 0, 0, 0, 0, 7, 5, 105
"c:\Users\11146\OneDrive\ACM\OpenjudgeNow\AcWing\35. 反转链表.cpp", "C++", 41, 0, 0, 0, 0, 0, 0, 0, 2, 43
"c:\Users\11146\OneDrive\ACM\OpenjudgeNow\AcWing\425. 明明的随机数.cpp", "C++", 51, 0, 0, 0, 0, 0, 0, 1, 5, 57
"c:\Users\11146\OneDrive\ACM\OpenjudgeNow\AcWing\426. 开心的金明.cpp", "C++", 19, 0, 0, 0, 0, 0, 0, 3, 5, 27
"c:\Users\11146\OneDrive\ACM\OpenjudgeNow\AcWing\428. 数列.cpp", "C++", 27, 0, 0, 0, 0, 0, 0, 11, 2, 40
"c:\Users\11146\OneDrive\ACM\OpenjudgeNow\AcWing\429. 奖学金.cpp", "C++", 37, 0, 0, 0, 0, 0, 0, 0, 3, 40
"c:\Users\11146\OneDrive\ACM\OpenjudgeNow\AcWing\433. ISBN号码.cpp", "C++", 61, 0, 0, 0, 0, 0, 0, 1, 3, 65
"c:\Users\11146\OneDrive\ACM\OpenjudgeNow\AcWing\482. 合唱队形.cpp", "C++", 28, 0, 0, 0, 0, 0, 0, 0, 3, 31
"c:\Users\11146\OneDrive\ACM\OpenjudgeNow\AcWing\680. 剪绳子.cpp", "C++", 36, 0, 0, 0, 0, 0, 0, 2, 4, 42
"c:\Users\11146\OneDrive\ACM\OpenjudgeNow\AcWing\703. 数独检查.cpp", "C++", 63, 0, 0, 0, 0, 0, 0, 2, 4, 69
"c:\Users\11146\OneDrive\ACM\OpenjudgeNow\AcWing\730. 机器人跳跃问题.cpp", "C++", 70, 0, 0, 0, 0, 0, 0, 3, 5, 78
"c:\Users\11146\OneDrive\ACM\OpenjudgeNow\AcWing\754. 平方矩阵 II.cpp", "C++", 30, 0, 0, 0, 0, 0, 0, 0, 3, 33
"c:\Users\11146\OneDrive\ACM\OpenjudgeNow\AcWing\756. 蛇形矩阵.cpp", "C++", 26, 0, 0, 0, 0, 0, 0, 0, 3, 29
"c:\Users\11146\OneDrive\ACM\OpenjudgeNow\AcWing\89.a^b.cpp", "C++", 35, 0, 0, 0, 0, 0, 0, 0, 3, 38
"c:\Users\11146\OneDrive\ACM\OpenjudgeNow\AcWing\AcWing 1208. 翻硬币.cpp", "C++", 25, 0, 0, 0, 0, 0, 0, 0, 3, 28
"c:\Users\11146\OneDrive\ACM\OpenjudgeNow\AcWing\AcWing 417. 不高兴的津津.cpp", "C++", 38, 0, 0, 0, 0, 0, 0, 0, 3, 41
"c:\Users\11146\OneDrive\ACM\OpenjudgeNow\AcWing\AcWing 421. 陶陶摘苹果.cpp", "C++", 31, 0, 0, 0, 0, 0, 0, 0, 3, 34
"c:\Users\11146\OneDrive\ACM\OpenjudgeNow\Codeforces\CodeCraft-21 and Codeforces Round #711 (Div. 2)\A. GCD Sum.cpp", "C++", 50, 0, 0, 0, 0, 0, 0, 2, 6, 58
"c:\Users\11146\OneDrive\ACM\OpenjudgeNow\Codeforces\CodeCraft-21 and Codeforces Round #711 (Div. 2)\B. Box Fitting.cpp", "C++", 76, 0, 0, 0, 0, 0, 0, 3, 4, 83
"c:\Users\11146\OneDrive\ACM\OpenjudgeNow\Codeforces\CodeCraft-21 and Codeforces Round #711 (Div. 2)\C. Planar Reflection(REBUILD).cpp", "C++", 43, 0, 0, 0, 0, 0, 0, 11, 5, 59
"c:\Users\11146\OneDrive\ACM\OpenjudgeNow\Codeforces\CodeCraft-21 and Codeforces Round #711 (Div. 2)\C. Planar Reflections.cpp", "C++", 60, 0, 0, 0, 0, 0, 0, 6, 6, 72
"c:\Users\11146\OneDrive\ACM\OpenjudgeNow\Codeforces\Codeforces Global Round 13\A. K-th Largest Value.cpp", "C++", 60, 0, 0, 0, 0, 0, 0, 0, 4, 64
"c:\Users\11146\OneDrive\ACM\OpenjudgeNow\Codeforces\Codeforces Global Round 13\B. Minimal Cost.cpp", "C++", 52, 0, 0, 0, 0, 0, 0, 0, 5, 57
"c:\Users\11146\OneDrive\ACM\OpenjudgeNow\Codeforces\Codeforces Global Round 13\C. Pekora and Trampoline.cpp", "C++", 53, 0, 0, 0, 0, 0, 0, 8, 4, 65
"c:\Users\11146\OneDrive\ACM\OpenjudgeNow\Codeforces\Codeforces Global Round 13\D. Zookeeper and The Infinite Zoo.cpp", "C++", 71, 0, 0, 0, 0, 0, 0, 4, 3, 78
"c:\Users\11146\OneDrive\ACM\OpenjudgeNow\Codeforces\Codeforces Global Round 15\A. Subsequence Permutation.cpp", "C++", 55, 0, 0, 0, 0, 0, 0, 1, 4, 60
"c:\Users\11146\OneDrive\ACM\OpenjudgeNow\Codeforces\Codeforces Global Round 15\B. Running for Gold.cpp", "C++", 113, 0, 0, 0, 0, 0, 0, 4, 5, 122
"c:\Users\11146\OneDrive\ACM\OpenjudgeNow\Codeforces\Codeforces Global Round 15\C. Maximize the Intersections.cpp", "C++", 33, 0, 0, 0, 0, 0, 0, 1, 3, 37
"c:\Users\11146\OneDrive\ACM\OpenjudgeNow\Codeforces\Codeforces Round #698 (Div. 2)\A. Nezzar and Colorful Balls.cpp", "C++", 30, 0, 0, 0, 0, 0, 0, 0, 4, 34
"c:\Users\11146\OneDrive\ACM\OpenjudgeNow\Codeforces\Codeforces Round #698 (Div. 2)\B. Nezzar and Lucky Number.cpp", "C++", 43, 0, 0, 0, 0, 0, 0, 0, 5, 48
"c:\Users\11146\OneDrive\ACM\OpenjudgeNow\Codeforces\Codeforces Round #698 (Div. 2)\C. Nezzar and Symmetric Array.cpp", "C++", 62, 0, 0, 0, 0, 0, 0, 1, 3, 66
"c:\Users\11146\OneDrive\ACM\OpenjudgeNow\Codeforces\Codeforces Round #698 (Div. 2)\D. Nezzar and Board.cpp", "C++", 30, 0, 0, 0, 0, 0, 0, 0, 3, 33
"c:\Users\11146\OneDrive\ACM\OpenjudgeNow\Codeforces\Codeforces Round #699 (Div. 2)\A. Space Navigation.cpp", "C++", 63, 0, 0, 0, 0, 0, 0, 0, 4, 67
"c:\Users\11146\OneDrive\ACM\OpenjudgeNow\Codeforces\Codeforces Round #699 (Div. 2)\B. New Colony.cpp", "C++", 49, 0, 0, 0, 0, 0, 0, 0, 4, 53
"c:\Users\11146\OneDrive\ACM\OpenjudgeNow\Codeforces\Codeforces Round #699 (Div. 2)\C. Fence Painting.cpp", "C++", 106, 0, 0, 0, 0, 0, 0, 0, 6, 112
"c:\Users\11146\OneDrive\ACM\OpenjudgeNow\Codeforces\Codeforces Round #699 (Div. 2)\Untitled-1.cpp", "C++", 85, 0, 0, 0, 0, 0, 0, 6, 3, 94
"c:\Users\11146\OneDrive\ACM\OpenjudgeNow\Codeforces\Codeforces Round #700 (Div. 2)\A. Yet Another String Game.cpp", "C++", 46, 0, 0, 0, 0, 0, 0, 0, 5, 51
"c:\Users\11146\OneDrive\ACM\OpenjudgeNow\Codeforces\Codeforces Round #700 (Div. 2)\B. The Great Hero.cpp", "C++", 47, 0, 0, 0, 0, 0, 0, 0, 4, 51
"c:\Users\11146\OneDrive\ACM\OpenjudgeNow\Codeforces\Codeforces Round #700 (Div. 2)\C. Searching Local Minimum.cpp", "C++", 30, 0, 0, 0, 0, 0, 0, 0, 4, 34
"c:\Users\11146\OneDrive\ACM\OpenjudgeNow\Codeforces\Codeforces Round #700 (Div. 2)\D1. Painting the Array I.cpp", "C++", 57, 0, 0, 0, 0, 0, 0, 0, 3, 60
"c:\Users\11146\OneDrive\ACM\OpenjudgeNow\Codeforces\Codeforces Round #701 (Div. 2)\A. Add and Divide.cpp", "C++", 65, 0, 0, 0, 0, 0, 0, 0, 5, 70
"c:\Users\11146\OneDrive\ACM\OpenjudgeNow\Codeforces\Codeforces Round #701 (Div. 2)\B. Replace and Keep Sorted.cpp", "C++", 49, 0, 0, 0, 0, 0, 0, 3, 2, 54
"c:\Users\11146\OneDrive\ACM\OpenjudgeNow\Codeforces\Codeforces Round #701 (Div. 2)\C. Floor and Mod(rebuild).cpp", "C++", 42, 0, 0, 0, 0, 0, 0, 0, 2, 44
"c:\Users\11146\OneDrive\ACM\OpenjudgeNow\Codeforces\Codeforces Round #701 (Div. 2)\C. Floor and Mod.cpp", "C++", 36, 0, 0, 0, 0, 0, 0, 37, 9, 82
"c:\Users\11146\OneDrive\ACM\OpenjudgeNow\Codeforces\Codeforces Round #702 (Div. 3)\A. Dense Array.cpp", "C++", 44, 0, 0, 0, 0, 0, 0, 0, 4, 48
"c:\Users\11146\OneDrive\ACM\OpenjudgeNow\Codeforces\Codeforces Round #702 (Div. 3)\B. Balanced Remainders.cpp", "C++", 57, 0, 0, 0, 0, 0, 0, 0, 4, 61
"c:\Users\11146\OneDrive\ACM\OpenjudgeNow\Codeforces\Codeforces Round #702 (Div. 3)\C. Sum of Cubes.cpp", "C++", 45, 0, 0, 0, 0, 0, 0, 0, 2, 47
"c:\Users\11146\OneDrive\ACM\OpenjudgeNow\Codeforces\Codeforces Round #702 (Div. 3)\D. Permutation Transformation.cpp", "C++", 78, 0, 0, 0, 0, 0, 0, 1, 5, 84
"c:\Users\11146\OneDrive\ACM\OpenjudgeNow\Codeforces\Codeforces Round #702 (Div. 3)\E. Accidental Victory.cpp", "C++", 73, 0, 0, 0, 0, 0, 0, 4, 9, 86
"c:\Users\11146\OneDrive\ACM\OpenjudgeNow\Codeforces\Codeforces Round #702 (Div. 3)\F. Equalize the Array.cpp", "C++", 53, 0, 0, 0, 0, 0, 0, 2, 5, 60
"c:\Users\11146\OneDrive\ACM\OpenjudgeNow\Codeforces\Codeforces Round #703 (Div. 2)\A. Shifting Stacks.cpp", "C++", 50, 0, 0, 0, 0, 0, 0, 0, 3, 53
"c:\Users\11146\OneDrive\ACM\OpenjudgeNow\Codeforces\Codeforces Round #703 (Div. 2)\B. Eastern Exhibition.cpp", "C++", 53, 0, 0, 0, 0, 0, 0, 1, 5, 59
"c:\Users\11146\OneDrive\ACM\OpenjudgeNow\Codeforces\Codeforces Round #703 (Div. 2)\C1. Guessing the Greatest (easy version).cpp", "C++", 78, 0, 0, 0, 0, 0, 0, 0, 5, 83
"c:\Users\11146\OneDrive\ACM\OpenjudgeNow\Codeforces\Codeforces Round #713 (Div. 3)\A. Spy Detected!.cpp", "C++", 48, 0, 0, 0, 0, 0, 0, 0, 5, 53
"c:\Users\11146\OneDrive\ACM\OpenjudgeNow\Codeforces\Codeforces Round #713 (Div. 3)\B. Almost Rectangle.cpp", "C++", 116, 0, 0, 0, 0, 0, 0, 0, 5, 121
"c:\Users\11146\OneDrive\ACM\OpenjudgeNow\Codeforces\Codeforces Round #713 (Div. 3)\C. A-B Palindrome.cpp", "C++", 120, 0, 0, 0, 0, 0, 0, 8, 6, 134
"c:\Users\11146\OneDrive\ACM\OpenjudgeNow\Codeforces\Codeforces Round #713 (Div. 3)\D. Corrupted Array.cpp", "C++", 109, 0, 0, 0, 0, 0, 0, 13, 5, 127
"c:\Users\11146\OneDrive\ACM\OpenjudgeNow\Codeforces\Codeforces Round #732 (Div. 2)\A. AquaMoon and Two Arrays.cpp", "C++", 85, 0, 0, 0, 0, 0, 0, 3, 7, 95
"c:\Users\11146\OneDrive\ACM\OpenjudgeNow\Codeforces\Codeforces Round #732 (Div. 2)\B. AquaMoon and Stolen String.cpp", "C++", 57, 0, 0, 0, 0, 0, 0, 3, 5, 65
"c:\Users\11146\OneDrive\ACM\OpenjudgeNow\Codeforces\Codeforces Round #732 (Div. 2)\C. AquaMoon and Strange Sort.cpp", "C++", 67, 0, 0, 0, 0, 0, 0, 1, 5, 73
"c:\Users\11146\OneDrive\ACM\OpenjudgeNow\Codeforces\Codeforces Round #732 (Div. 2)\Codeforces Round #733 (Div. 1 + Div. 2, based on VK Cup 2021 - Elimination (Engine))\A. Binary Decimal.cpp", "C++", 45, 0, 0, 0, 0, 0, 0, 1, 4, 50
"c:\Users\11146\OneDrive\ACM\OpenjudgeNow\Codeforces\Codeforces Round #732 (Div. 2)\Codeforces Round #733 (Div. 1 + Div. 2, based on VK Cup 2021 - Elimination (Engine))\B. Putting Plates.cpp", "C++", 83, 0, 0, 0, 0, 0, 0, 1, 6, 90
"c:\Users\11146\OneDrive\ACM\OpenjudgeNow\Codeforces\Codeforces Round #732 (Div. 2)\Codeforces Round #733 (Div. 1 + Div. 2, based on VK Cup 2021 - Elimination (Engine))\C. Pursuit.cpp", "C++", 70, 0, 0, 0, 0, 0, 0, 4, 5, 79
"c:\Users\11146\OneDrive\ACM\OpenjudgeNow\Codeforces\Codeforces Round #732 (Div. 2)\Codeforces Round #733 (Div. 1 + Div. 2, based on VK Cup 2021 - Elimination (Engine))\D. Secret Santa.cpp", "C++", 82, 0, 0, 0, 0, 0, 0, 6, 4, 92
"c:\Users\11146\OneDrive\ACM\OpenjudgeNow\Codeforces\Codeforces Round #732 (Div. 2)\D. AquaMoon and Chess.cpp", "C++", 82, 0, 0, 0, 0, 0, 0, 1, 8, 91
"c:\Users\11146\OneDrive\ACM\OpenjudgeNow\Codeforces\Codeforces Round #734 (Div. 3)\A. Polycarp and Coins.cpp", "C++", 48, 0, 0, 0, 0, 0, 0, 1, 5, 54
"c:\Users\11146\OneDrive\ACM\OpenjudgeNow\Codeforces\Codeforces Round #734 (Div. 3)\B1. Wonderful Coloring - 1.cpp", "C++", 57, 0, 0, 0, 0, 0, 0, 1, 5, 63
"c:\Users\11146\OneDrive\ACM\OpenjudgeNow\Codeforces\Codeforces Round #734 (Div. 3)\B2. Wonderful Coloring - 2.cpp", "C++", 96, 0, 0, 0, 0, 0, 0, 7, 6, 109
"c:\Users\11146\OneDrive\ACM\OpenjudgeNow\Codeforces\Codeforces Round #734 (Div. 3)\C. Interesting Story.cpp", "C++", 121, 0, 0, 0, 0, 0, 0, 3, 5, 129
"c:\Users\11146\OneDrive\ACM\OpenjudgeNow\Codeforces\Codeforces Round #734 (Div. 3)\D1. Domino (easy version).cpp", "C++", 62, 0, 0, 0, 0, 0, 0, 1, 5, 68
"c:\Users\11146\OneDrive\ACM\OpenjudgeNow\Codeforces\Codeforces Round #735 (Div. 2)\B. Cobb.cpp", "C++", 79, 0, 0, 0, 0, 0, 0, 2, 3, 84
"c:\Users\11146\OneDrive\ACM\OpenjudgeNow\Codeforces\Codeforces Round #735 (Div. 2)\C. Mikasa.cpp", "C++", 36, 0, 0, 0, 0, 0, 0, 1, 3, 40
"c:\Users\11146\OneDrive\ACM\OpenjudgeNow\Codeforces\Educational Codeforces Round 103 (Rated for Div. 2)\A. K-divisible Sum.cpp", "C++", 29, 0, 0, 0, 0, 0, 0, 0, 3, 32
"c:\Users\11146\OneDrive\ACM\OpenjudgeNow\Codeforces\Educational Codeforces Round 103 (Rated for Div. 2)\B. Inflation.cpp", "C++", 36, 0, 0, 0, 0, 0, 0, 3, 4, 43
"c:\Users\11146\OneDrive\ACM\OpenjudgeNow\Codeforces\Educational Codeforces Round 104 (Rated for Div. 2)\A. Arena.cpp", "C++", 42, 0, 0, 0, 0, 0, 0, 0, 4, 46
"c:\Users\11146\OneDrive\ACM\OpenjudgeNow\Codeforces\Educational Codeforces Round 104 (Rated for Div. 2)\B. Cat Cycle.cpp", "C++", 69, 0, 0, 0, 0, 0, 0, 5, 5, 79
"c:\Users\11146\OneDrive\ACM\OpenjudgeNow\Codeforces\Educational Codeforces Round 104 (Rated for Div. 2)\C. Minimum Ties.cpp", "C++", 76, 0, 0, 0, 0, 0, 0, 5, 9, 90
"c:\Users\11146\OneDrive\ACM\OpenjudgeNow\Codeforces\Educational Codeforces Round 104 (Rated for Div. 2)\D. Pythagorean Triples.cpp", "C++", 34, 0, 0, 0, 0, 0, 0, 16, 6, 56
"c:\Users\11146\OneDrive\ACM\OpenjudgeNow\Codeforces\Educational Codeforces Round 104 (Rated for Div. 2)\E. Cheap Dinner.cpp", "C++", 96, 0, 0, 0, 0, 0, 0, 0, 4, 100
"c:\Users\11146\OneDrive\ACM\OpenjudgeNow\Codeforces\Educational Codeforces Round 111 (Rated for Div. 2)\A. Find The Array.cpp", "C++", 48, 0, 0, 0, 0, 0, 0, 1, 4, 53
"c:\Users\11146\OneDrive\ACM\OpenjudgeNow\Codeforces\Educational Codeforces Round 111 (Rated for Div. 2)\B. Maximum Cost Deletion.cpp", "C++", 59, 0, 0, 0, 0, 0, 0, 2, 5, 66
"c:\Users\11146\OneDrive\ACM\OpenjudgeNow\Codeforces\Educational Codeforces Round 111 (Rated for Div. 2)\C. Manhattan Subarrays.cpp", "C++", 74, 0, 0, 0, 0, 0, 0, 3, 6, 83
"c:\Users\11146\OneDrive\ACM\OpenjudgeNow\Codeforces\Harbour.Space Scholarship Contest 2021-2022 (open for everyone, rated, Div. 1 + Div. 2)\A. Digits Sum.cpp", "C++", 47, 0, 0, 0, 0, 0, 0, 1, 5, 53
"c:\Users\11146\OneDrive\ACM\OpenjudgeNow\Codeforces\Harbour.Space Scholarship Contest 2021-2022 (open for everyone, rated, Div. 1 + Div. 2)\B. Reverse String.cpp", "C++", 63, 0, 0, 0, 0, 0, 0, 3, 4, 70
"c:\Users\11146\OneDrive\ACM\OpenjudgeNow\Codeforces\Harbour.Space Scholarship Contest 2021-2022 (open for everyone, rated, Div. 1 + Div. 2)\C. Penalty.cpp", "C++", 92, 0, 0, 0, 0, 0, 0, 1, 6, 99
"c:\Users\11146\OneDrive\ACM\OpenjudgeNow\Codeforces\Harbour.Space Scholarship Contest 2021-2022 (open for everyone, rated, Div. 1 + Div. 2)\D. Backspace-rebuild.cpp", "C++", 64, 0, 0, 0, 0, 0, 0, 1, 5, 70
"c:\Users\11146\OneDrive\ACM\OpenjudgeNow\Codeforces\Harbour.Space Scholarship Contest 2021-2022 (open for everyone, rated, Div. 1 + Div. 2)\D. Backspace.cpp", "C++", 92, 0, 0, 0, 0, 0, 0, 56, 6, 154
"c:\Users\11146\OneDrive\ACM\OpenjudgeNow\Codeforces\Harbour.Space Scholarship Contest 2021-2022 (open for everyone, rated, Div. 1 + Div. 2)\E. Permutation Shift.cpp", "C++", 94, 0, 0, 0, 0, 0, 0, 1, 8, 103
"c:\Users\11146\OneDrive\ACM\OpenjudgeNow\Codeforces\The 2020 ICPC Asia Taipei-Hsinchu Site Programming Contest\B. Make Numbers.cpp", "C++", 181, 0, 0, 0, 0, 0, 0, 6, 7, 194
"c:\Users\11146\OneDrive\ACM\OpenjudgeNow\Codeforces\Unknown\A. Subtract or Divide.cpp", "C++", 86, 0, 0, 0, 0, 0, 0, 0, 3, 89
"c:\Users\11146\OneDrive\ACM\OpenjudgeNow\Codeforces\Unknown\B. Non-Substring Subsequence.cpp", "C++", 56, 0, 0, 0, 0, 0, 0, 0, 4, 60
"c:\Users\11146\OneDrive\ACM\OpenjudgeNow\Codeforces\Unknown\C. Mind Control.cpp", "C++", 26, 0, 0, 0, 0, 0, 0, 0, 3, 29
"c:\Users\11146\OneDrive\ACM\OpenjudgeNow\Codeforces\Unknown\C. String Equality.cpp", "C++", 51, 0, 0, 0, 0, 0, 0, 0, 5, 56
"c:\Users\11146\OneDrive\ACM\OpenjudgeNow\Codeforces\Unknown\D. Recommendations.cpp", "C++", 79, 0, 0, 0, 0, 0, 0, 6, 5, 90
"c:\Users\11146\OneDrive\ACM\OpenjudgeNow\Codeforces\Unknown\E. 群体狂乱.cpp", "C++", 117, 0, 0, 0, 0, 0, 0, 23, 9, 149
"c:\Users\11146\OneDrive\ACM\OpenjudgeNow\Codeforces\Unknown\G. Short Task.cpp", "C++", 51, 0, 0, 0, 0, 0, 0, 0, 3, 54
"c:\Users\11146\OneDrive\ACM\OpenjudgeNow\Luogu\1358：中缀表达式值(expr).cpp", "C++", 200, 0, 0, 0, 0, 0, 0, 11, 8, 219
"c:\Users\11146\OneDrive\ACM\OpenjudgeNow\Luogu\41429\T170824 Erinnerung.cpp", "C++", 56, 0, 0, 0, 0, 0, 0, 3, 6, 65
"c:\Users\11146\OneDrive\ACM\OpenjudgeNow\Luogu\O - 分数调查.cpp", "C++", 24, 0, 0, 0, 0, 0, 0, 0, 3, 27
"c:\Users\11146\OneDrive\ACM\OpenjudgeNow\Luogu\P1009 阶乘之和.cpp", "C++", 109, 0, 0, 0, 0, 0, 0, 1, 8, 118
"c:\Users\11146\OneDrive\ACM\OpenjudgeNow\Luogu\P1042 乒乓球.cpp", "C++", 62, 0, 0, 0, 0, 0, 0, 0, 3, 65
"c:\Users\11146\OneDrive\ACM\OpenjudgeNow\Luogu\P1065 作业调度方案 (rebuild).cpp", "C++", 55, 0, 0, 0, 0, 0, 0, 2, 3, 60
"c:\Users\11146\OneDrive\ACM\OpenjudgeNow\Luogu\P1065 作业调度方案.cpp", "C++", 58, 0, 0, 0, 0, 0, 0, 0, 4, 62
"c:\Users\11146\OneDrive\ACM\OpenjudgeNow\Luogu\P1074 [NOIP2009 提高组] 靶形数独.cpp", "C++", 148, 0, 0, 0, 0, 0, 0, 7, 8, 163
"c:\Users\11146\OneDrive\ACM\OpenjudgeNow\Luogu\P1080 国王游戏.cpp", "C++", 104, 0, 0, 0, 0, 0, 0, 11, 8, 123
"c:\Users\11146\OneDrive\ACM\OpenjudgeNow\Luogu\P1083 借教室.cpp", "C++", 73, 0, 0, 0, 0, 0, 0, 5, 5, 83
"c:\Users\11146\OneDrive\ACM\OpenjudgeNow\Luogu\P1102 A-B 数对.cpp", "C++", 66, 0, 0, 0, 0, 0, 0, 4, 6, 76
"c:\Users\11146\OneDrive\ACM\OpenjudgeNow\Luogu\P1106 删数问题.cpp", "C++", 29, 0, 0, 0, 0, 0, 0, 0, 3, 32
"c:\Users\11146\OneDrive\ACM\OpenjudgeNow\Luogu\P1113 杂务.cpp", "C++", 68, 0, 0, 0, 0, 0, 0, 0, 7, 75
"c:\Users\11146\OneDrive\ACM\OpenjudgeNow\Luogu\P1119 灾后重建.cpp", "C++", 65, 0, 0, 0, 0, 0, 0, 2, 5, 72
"c:\Users\11146\OneDrive\ACM\OpenjudgeNow\Luogu\P1120 小木棍 ［数据加强版］.cpp", "C++", 103, 0, 0, 0, 0, 0, 0, 12, 6, 121
"c:\Users\11146\OneDrive\ACM\OpenjudgeNow\Luogu\P1126 机器人搬重物.cpp", "C++", 218, 0, 0, 0, 0, 0, 0, 2, 6, 226
"c:\Users\11146\OneDrive\ACM\OpenjudgeNow\Luogu\P1127 词链.cpp", "C++", 25, 0, 0, 0, 0, 0, 0, 0, 5, 30
"c:\Users\11146\OneDrive\ACM\OpenjudgeNow\Luogu\P1135 奇怪的电梯.cpp", "C++", 35, 0, 0, 0, 0, 0, 0, 1, 4, 40
"c:\Users\11146\OneDrive\ACM\OpenjudgeNow\Luogu\P1144 最短路计数.cpp", "C++", 68, 0, 0, 0, 0, 0, 0, 0, 4, 72
"c:\Users\11146\OneDrive\ACM\OpenjudgeNow\Luogu\P1160 队列安排.cpp", "C++", 40, 0, 0, 0, 0, 0, 0, 1, 3, 44
"c:\Users\11146\OneDrive\ACM\OpenjudgeNow\Luogu\P1163 银行贷款.cpp", "C++", 30, 0, 0, 0, 0, 0, 0, 3, 4, 37
"c:\Users\11146\OneDrive\ACM\OpenjudgeNow\Luogu\P1182 数列分段 Section II.cpp", "C++", 43, 0, 0, 0, 0, 0, 0, 2, 4, 49
"c:\Users\11146\OneDrive\ACM\OpenjudgeNow\Luogu\P1185 绘制二叉树.cpp", "C++", 1, 0, 0, 0, 0, 0, 0, 0, 0, 1
"c:\Users\11146\OneDrive\ACM\OpenjudgeNow\Luogu\P1194 买礼物.cpp", "C++", 80, 0, 0, 0, 0, 0, 0, 2, 15, 97
"c:\Users\11146\OneDrive\ACM\OpenjudgeNow\Luogu\P1195 口袋的天空.cpp", "C++", 110, 0, 0, 0, 0, 0, 0, 1, 12, 123
"c:\Users\11146\OneDrive\ACM\OpenjudgeNow\Luogu\P1196 [NOI2002]银河英雄传说.cpp", "C++", 64, 0, 0, 0, 0, 0, 0, 0, 8, 72
"c:\Users\11146\OneDrive\ACM\OpenjudgeNow\Luogu\P1199 [NOIP2010 普及组] 三国游戏.cpp", "C++", 42, 0, 0, 0, 0, 0, 0, 0, 4, 46
"c:\Users\11146\OneDrive\ACM\OpenjudgeNow\Luogu\P1228 地毯填补问题.cpp", "C++", 61, 0, 0, 0, 0, 0, 0, 4, 3, 68
"c:\Users\11146\OneDrive\ACM\OpenjudgeNow\Luogu\P1229 遍历问题.cpp", "C++", 18, 0, 0, 0, 0, 0, 0, 0, 3, 21
"c:\Users\11146\OneDrive\ACM\OpenjudgeNow\Luogu\P1241 括号序列.cpp", "C++", 162, 0, 0, 0, 0, 0, 0, 4, 8, 174
"c:\Users\11146\OneDrive\ACM\OpenjudgeNow\Luogu\P1241 括号序列（rebuild).cpp", "C++", 62, 0, 0, 0, 0, 0, 0, 0, 3, 65
"c:\Users\11146\OneDrive\ACM\OpenjudgeNow\Luogu\P1249 最大乘积.cpp", "C++", 52, 0, 0, 0, 0, 0, 0, 0, 4, 56
"c:\Users\11146\OneDrive\ACM\OpenjudgeNow\Luogu\P1259 黑白棋子的移动.cpp", "C++", 54, 0, 0, 0, 0, 0, 0, 4, 4, 62
"c:\Users\11146\OneDrive\ACM\OpenjudgeNow\Luogu\P1265 公路修建.cpp", "C++", 68, 0, 0, 0, 0, 0, 0, 2, 8, 78
"c:\Users\11146\OneDrive\ACM\OpenjudgeNow\Luogu\P1266 速度限制.cpp", "C++", 127, 0, 0, 0, 0, 0, 0, 8, 6, 141
"c:\Users\11146\OneDrive\ACM\OpenjudgeNow\Luogu\P1303 AB Problem.cpp", "C++", 108, 0, 0, 0, 0, 0, 0, 1, 8, 117
"c:\Users\11146\OneDrive\ACM\OpenjudgeNow\Luogu\P1312 [NOIP2011 提高组] Mayan 游戏.cpp", "C++", 26, 0, 0, 0, 0, 0, 0, 0, 3, 29
"c:\Users\11146\OneDrive\ACM\OpenjudgeNow\Luogu\P1314 聪明的质监员.cpp", "C++", 61, 0, 0, 0, 0, 0, 0, 2, 4, 67
"c:\Users\11146\OneDrive\ACM\OpenjudgeNow\Luogu\P1339 [USACO09OCT]Heat Wave G.cpp", "C++", 60, 0, 0, 0, 0, 0, 0, 0, 7, 67
"c:\Users\11146\OneDrive\ACM\OpenjudgeNow\Luogu\P1346 电车.cpp", "C++", 74, 0, 0, 0, 0, 0, 0, 1, 9, 84
"c:\Users\11146\OneDrive\ACM\OpenjudgeNow\Luogu\P1364 医院设置.cpp", "C++", 62, 0, 0, 0, 0, 0, 0, 0, 2, 64
"c:\Users\11146\OneDrive\ACM\OpenjudgeNow\Luogu\P1378 油滴扩展.cpp", "C++", 73, 0, 0, 0, 0, 0, 0, 0, 6, 79
"c:\Users\11146\OneDrive\ACM\OpenjudgeNow\Luogu\P1396 营救.cpp", "C++", 65, 0, 0, 0, 0, 0, 0, 2, 8, 75
"c:\Users\11146\OneDrive\ACM\OpenjudgeNow\Luogu\P1455 搭配购买.cpp", "C++", 58, 0, 0, 0, 0, 0, 0, 0, 7, 65
"c:\Users\11146\OneDrive\ACM\OpenjudgeNow\Luogu\P1462 通往奥格瑞玛的道路.cpp", "C++", 90, 0, 0, 0, 0, 0, 0, 10, 7, 107
"c:\Users\11146\OneDrive\ACM\OpenjudgeNow\Luogu\P1514 [NOIP2010 提高组] 引水入城.cpp", "C++", 138, 0, 0, 0, 0, 0, 0, 13, 9, 160
"c:\Users\11146\OneDrive\ACM\OpenjudgeNow\Luogu\P1522 [USACO2.4]牛的旅行 Cow Tours.cpp", "C++", 123, 0, 0, 0, 0, 0, 0, 3, 7, 133
"c:\Users\11146\OneDrive\ACM\OpenjudgeNow\Luogu\P1525 关押罪犯.cpp", "C++", 60, 0, 0, 0, 0, 0, 0, 0, 9, 69
"c:\Users\11146\OneDrive\ACM\OpenjudgeNow\Luogu\P1535 [USACO08MAR]Cow Travelling S.cpp", "C++", 74, 0, 0, 0, 0, 0, 0, 0, 5, 79
"c:\Users\11146\OneDrive\ACM\OpenjudgeNow\Luogu\P1536 村村通.cpp", "C++", 59, 0, 0, 0, 0, 0, 0, 0, 7, 66
"c:\Users\11146\OneDrive\ACM\OpenjudgeNow\Luogu\P1546 [USACO3.1]最短网络 Agri-Net.cpp", "C++", 61, 0, 0, 0, 0, 0, 0, 2, 8, 71
"c:\Users\11146\OneDrive\ACM\OpenjudgeNow\Luogu\P1547 [USACO05MAR]Out of Hay S.cpp", "C++", 84, 0, 0, 0, 0, 0, 0, 0, 8, 92
"c:\Users\11146\OneDrive\ACM\OpenjudgeNow\Luogu\P1551 亲戚.cpp", "C++", 33, 0, 0, 0, 0, 0, 0, 0, 5, 38
"c:\Users\11146\OneDrive\ACM\OpenjudgeNow\Luogu\P1576 最小花费.cpp", "C++", 66, 0, 0, 0, 0, 0, 0, 1, 5, 72
"c:\Users\11146\OneDrive\ACM\OpenjudgeNow\Luogu\P1591 阶乘数码.cpp", "C++", 46, 0, 0, 0, 0, 0, 0, 1, 4, 51
"c:\Users\11146\OneDrive\ACM\OpenjudgeNow\Luogu\P1629 邮递员送信(Dijkstra + priority_queue).cpp", "C++", 118, 0, 0, 0, 0, 0, 0, 2, 8, 128
"c:\Users\11146\OneDrive\ACM\OpenjudgeNow\Luogu\P1629 邮递员送信(Dijkstra).cpp", "C++", 113, 0, 0, 0, 0, 0, 0, 2, 7, 122
"c:\Users\11146\OneDrive\ACM\OpenjudgeNow\Luogu\P1629 邮递员送信(SPFA).cpp", "C++", 110, 0, 0, 0, 0, 0, 0, 1, 7, 118
"c:\Users\11146\OneDrive\ACM\OpenjudgeNow\Luogu\P1631 序列合并.cpp", "C++", 56, 0, 0, 0, 0, 0, 0, 0, 4, 60
"c:\Users\11146\OneDrive\ACM\OpenjudgeNow\Luogu\P1678 烦恼的高考志愿.cpp", "C++", 41, 0, 0, 0, 0, 0, 0, 1, 6, 48
"c:\Users\11146\OneDrive\ACM\OpenjudgeNow\Luogu\P1719 最大加权矩形.cpp", "C++", 24, 0, 0, 0, 0, 0, 0, 6, 3, 33
"c:\Users\11146\OneDrive\ACM\OpenjudgeNow\Luogu\P1786 帮贡排序.cpp", "C++", 114, 0, 0, 0, 0, 0, 0, 0, 5, 119
"c:\Users\11146\OneDrive\ACM\OpenjudgeNow\Luogu\P1801 黑匣子.cpp", "C++", 45, 0, 0, 0, 0, 0, 0, 0, 4, 49
"c:\Users\11146\OneDrive\ACM\OpenjudgeNow\Luogu\P1807 最长路.cpp", "C++", 41, 0, 0, 0, 0, 0, 0, 0, 2, 43
"c:\Users\11146\OneDrive\ACM\OpenjudgeNow\Luogu\P1824 进击的奶牛.cpp", "C++", 39, 0, 0, 0, 0, 0, 0, 1, 4, 44
"c:\Users\11146\OneDrive\ACM\OpenjudgeNow\Luogu\P1825 [USACO11OPEN]Corn Maze S.cpp", "C++", 109, 0, 0, 0, 0, 0, 0, 19, 6, 134
"c:\Users\11146\OneDrive\ACM\OpenjudgeNow\Luogu\P1827 [USACO3.4]美国血统 American Heritage.cpp", "C++", 25, 0, 0, 0, 0, 0, 0, 0, 4, 29
"c:\Users\11146\OneDrive\ACM\OpenjudgeNow\Luogu\P1873 砍树.cpp", "C++", 35, 0, 0, 0, 0, 0, 0, 1, 4, 40
"c:\Users\11146\OneDrive\ACM\OpenjudgeNow\Luogu\P1878 舞蹈课.cpp", "C++", 93, 0, 0, 0, 0, 0, 0, 0, 5, 98
"c:\Users\11146\OneDrive\ACM\OpenjudgeNow\Luogu\P1892 [BOI2003]团伙.cpp", "C++", 48, 0, 0, 0, 0, 0, 0, 0, 5, 53
"c:\Users\11146\OneDrive\ACM\OpenjudgeNow\Luogu\P1902 刺杀大使.cpp", "C++", 69, 0, 0, 0, 0, 0, 0, 2, 4, 75
"c:\Users\11146\OneDrive\ACM\OpenjudgeNow\Luogu\P1908 逆序对.cpp", "C++", 55, 0, 0, 0, 0, 0, 0, 0, 4, 59
"c:\Users\11146\OneDrive\ACM\OpenjudgeNow\Luogu\P1923 【深基9.例4】求第 k 小的数.cpp", "C++", 16, 0, 0, 0, 0, 0, 0, 0, 4, 20
"c:\Users\11146\OneDrive\ACM\OpenjudgeNow\Luogu\P1928 外星密码.cpp", "C++", 48, 0, 0, 0, 0, 0, 0, 2, 4, 54
"c:\Users\11146\OneDrive\ACM\OpenjudgeNow\Luogu\P1957 口算练习题.cpp", "C++", 84, 0, 0, 0, 0, 0, 0, 0, 8, 92
"c:\Users\11146\OneDrive\ACM\OpenjudgeNow\Luogu\P1966 火柴排队.cpp", "C++", 1, 0, 0, 0, 0, 0, 0, 0, 0, 1
"c:\Users\11146\OneDrive\ACM\OpenjudgeNow\Luogu\P1967 货车运输.cpp", "C++", 154, 0, 0, 0, 0, 0, 0, 7, 12, 173
"c:\Users\11146\OneDrive\ACM\OpenjudgeNow\Luogu\P1983 车站分级-rebuild.cpp", "C++", 70, 0, 0, 0, 0, 0, 0, 10, 6, 86
"c:\Users\11146\OneDrive\ACM\OpenjudgeNow\Luogu\P1983 车站分级.cpp", "C++", 77, 0, 0, 0, 0, 0, 0, 0, 6, 83
"c:\Users\11146\OneDrive\ACM\OpenjudgeNow\Luogu\P1990 覆盖墙壁.cpp", "C++", 17, 0, 0, 0, 0, 0, 0, 0, 5, 22
"c:\Users\11146\OneDrive\ACM\OpenjudgeNow\Luogu\P1991 无线通讯网.cpp", "C++", 78, 0, 0, 0, 0, 0, 0, 2, 9, 89
"c:\Users\11146\OneDrive\ACM\OpenjudgeNow\Luogu\P2004 领地选择.cpp", "C++", 32, 0, 0, 0, 0, 0, 0, 9, 3, 44
"c:\Users\11146\OneDrive\ACM\OpenjudgeNow\Luogu\P2024 [NOI2001]食物链.cpp", "C++", 77, 0, 0, 0, 0, 0, 0, 2, 6, 85
"c:\Users\11146\OneDrive\ACM\OpenjudgeNow\Luogu\P2036 [COCI2008-2009#2] PERKET.cpp", "C++", 24, 0, 0, 0, 0, 0, 0, 0, 4, 28
"c:\Users\11146\OneDrive\ACM\OpenjudgeNow\Luogu\P2058 海港.cpp", "C++", 47, 0, 0, 0, 0, 0, 0, 0, 3, 50
"c:\Users\11146\OneDrive\ACM\OpenjudgeNow\Luogu\P2078 朋友.cpp", "C++", 61, 0, 0, 0, 0, 0, 0, 1, 5, 67
"c:\Users\11146\OneDrive\ACM\OpenjudgeNow\Luogu\P2085 最小函数值.cpp", "C++", 43, 0, 0, 0, 0, 0, 0, 4, 2, 49
"c:\Users\11146\OneDrive\ACM\OpenjudgeNow\Luogu\P2121 拆地毯.cpp", "C++", 71, 0, 0, 0, 0, 0, 0, 3, 13, 87
"c:\Users\11146\OneDrive\ACM\OpenjudgeNow\Luogu\P2123 皇后游戏.cpp", "C++", 65, 0, 0, 0, 0, 0, 0, 11, 4, 80
"c:\Users\11146\OneDrive\ACM\OpenjudgeNow\Luogu\P2212 [USACO14MAR]Watering the Fields S.cpp", "C++", 85, 0, 0, 0, 0, 0, 0, 1, 12, 98
"c:\Users\11146\OneDrive\ACM\OpenjudgeNow\Luogu\P2234 [HNOI2002]营业额统计.cpp", "C++", 37, 0, 0, 0, 0, 0, 0, 0, 3, 40
"c:\Users\11146\OneDrive\ACM\OpenjudgeNow\Luogu\P2240 【深基12.例1】部分背包问题.cpp", "C++", 54, 0, 0, 0, 0, 0, 0, 2, 9, 65
"c:\Users\11146\OneDrive\ACM\OpenjudgeNow\Luogu\P2249 【深基13.例1】查找..cpp", "C++", 39, 0, 0, 0, 0, 0, 0, 0, 4, 43
"c:\Users\11146\OneDrive\ACM\OpenjudgeNow\Luogu\P2251 质量检测.cpp", "C++", 31, 0, 0, 0, 0, 0, 0, 1, 3, 35
"c:\Users\11146\OneDrive\ACM\OpenjudgeNow\Luogu\P2256 一中校运会之百米跑.cpp", "C++", 59, 0, 0, 0, 0, 0, 0, 0, 8, 67
"c:\Users\11146\OneDrive\ACM\OpenjudgeNow\Luogu\P2280 [HNOI2003]激光炸弹.cpp", "C++", 48, 0, 0, 0, 0, 0, 0, 0, 4, 52
"c:\Users\11146\OneDrive\ACM\OpenjudgeNow\Luogu\P2330 [SCOI2005]繁忙的都市.cpp", "C++", 56, 0, 0, 0, 0, 0, 0, 0, 9, 65
"c:\Users\11146\OneDrive\ACM\OpenjudgeNow\Luogu\P2345 [USACO04OPEN]MooFest G.cpp", "C++", 29, 0, 0, 0, 0, 0, 0, 0, 5, 34
"c:\Users\11146\OneDrive\ACM\OpenjudgeNow\Luogu\P2392 kkksc03考前临时抱佛脚.cpp", "C++", 30, 0, 0, 0, 0, 0, 0, 1, 2, 33
"c:\Users\11146\OneDrive\ACM\OpenjudgeNow\Luogu\P2404 自然数的拆分问题.cpp", "C++", 27, 0, 0, 0, 0, 0, 0, 6, 4, 37
"c:\Users\11146\OneDrive\ACM\OpenjudgeNow\Luogu\P2415 集合求和.cpp", "C++", 18, 0, 0, 0, 0, 0, 0, 1, 3, 22
"c:\Users\11146\OneDrive\ACM\OpenjudgeNow\Luogu\P2437 蜜蜂路线.cpp", "C++", 36, 0, 0, 0, 0, 0, 0, 3, 4, 43
"c:\Users\11146\OneDrive\ACM\OpenjudgeNow\Luogu\P2440 木材加工.cpp", "C++", 35, 0, 0, 0, 0, 0, 0, 0, 4, 39
"c:\Users\11146\OneDrive\ACM\OpenjudgeNow\Luogu\P2504 [HAOI2006]聪明的猴子.cpp", "C++", 68, 0, 0, 0, 0, 0, 0, 2, 7, 77
"c:\Users\11146\OneDrive\ACM\OpenjudgeNow\Luogu\P2512 [HAOI2008]糖果传递.cpp", "C++", 35, 0, 0, 0, 0, 0, 0, 0, 3, 38
"c:\Users\11146\OneDrive\ACM\OpenjudgeNow\Luogu\P2661 [NOIP2015 提高组] 信息传递.cpp", "C++", 56, 0, 0, 0, 0, 0, 0, 0, 4, 60
"c:\Users\11146\OneDrive\ACM\OpenjudgeNow\Luogu\P2661 信息传递.cpp", "C++", 45, 0, 0, 0, 0, 0, 0, 0, 6, 51
"c:\Users\11146\OneDrive\ACM\OpenjudgeNow\Luogu\P2670 扫雷游戏.cpp", "C++", 29, 0, 0, 0, 0, 0, 0, 0, 3, 32
"c:\Users\11146\OneDrive\ACM\OpenjudgeNow\Luogu\P2671 求和.cpp", "C++", 28, 0, 0, 0, 0, 0, 0, 1, 1, 30
"c:\Users\11146\OneDrive\ACM\OpenjudgeNow\Luogu\P2672 [NOIP2015 普及组] 推销员.cpp", "C++", 69, 0, 0, 0, 0, 0, 0, 0, 6, 75
"c:\Users\11146\OneDrive\ACM\OpenjudgeNow\Luogu\P2678 跳石头.cpp", "C++", 41, 0, 0, 0, 0, 0, 0, 2, 4, 47
"c:\Users\11146\OneDrive\ACM\OpenjudgeNow\Luogu\P2814 家谱.cpp", "C++", 36, 0, 0, 0, 0, 0, 0, 0, 5, 41
"c:\Users\11146\OneDrive\ACM\OpenjudgeNow\Luogu\P2820 局域网.cpp", "C++", 71, 0, 0, 0, 0, 0, 0, 2, 14, 87
"c:\Users\11146\OneDrive\ACM\OpenjudgeNow\Luogu\P2853 [USACO06DEC]Cow Picnic S.cpp", "C++", 52, 0, 0, 0, 0, 0, 0, 1, 5, 58
"c:\Users\11146\OneDrive\ACM\OpenjudgeNow\Luogu\P2880 [USACO07JAN]Balanced Lineup G.cpp", "C++", 41, 0, 0, 0, 0, 0, 0, 3, 6, 50
"c:\Users\11146\OneDrive\ACM\OpenjudgeNow\Luogu\P3131 [USACO16JAN]Subsequences Summing t.cpp", "C++", 44, 0, 0, 0, 0, 0, 0, 0, 3, 47
"c:\Users\11146\OneDrive\ACM\OpenjudgeNow\Luogu\P3156 【深基15.例1】询问学号.cpp", "C++", 24, 0, 0, 0, 0, 0, 0, 0, 3, 27
"c:\Users\11146\OneDrive\ACM\OpenjudgeNow\Luogu\P3197 [HNOI2008]越狱.cpp", "C++", 42, 0, 0, 0, 0, 0, 0, 1, 2, 45
"c:\Users\11146\OneDrive\ACM\OpenjudgeNow\Luogu\P3366 【模板】最小生成树.cpp", "C++", 73, 0, 0, 0, 0, 0, 0, 2, 14, 89
"c:\Users\11146\OneDrive\ACM\OpenjudgeNow\Luogu\P3370 【模板】字符串哈希.cpp", "C++", 71, 0, 0, 0, 0, 0, 0, 0, 6, 77
"c:\Users\11146\OneDrive\ACM\OpenjudgeNow\Luogu\P3372 【模板】线段树 1-rebuild.cpp", "C++", 113, 0, 0, 0, 0, 0, 0, 1, 12, 126
"c:\Users\11146\OneDrive\ACM\OpenjudgeNow\Luogu\P3372 【模板】线段树 1.cpp", "C++", 100, 0, 0, 0, 0, 0, 0, 0, 10, 110
"c:\Users\11146\OneDrive\ACM\OpenjudgeNow\Luogu\P3373 【模板】线段树 2.cpp", "C++", 1, 0, 0, 0, 0, 0, 0, 0, 0, 1
"c:\Users\11146\OneDrive\ACM\OpenjudgeNow\Luogu\P3374 【模板】树状数组 1.cpp", "C++", 57, 0, 0, 0, 0, 0, 0, 0, 5, 62
"c:\Users\11146\OneDrive\ACM\OpenjudgeNow\Luogu\P3379 【模板】最近公共祖先（LCA）.cpp", "C++", 77, 0, 0, 0, 0, 0, 0, 5, 6, 88
"c:\Users\11146\OneDrive\ACM\OpenjudgeNow\Luogu\P3385 【模板】负环.cpp", "C++", 88, 0, 0, 0, 0, 0, 0, 2, 6, 96
"c:\Users\11146\OneDrive\ACM\OpenjudgeNow\Luogu\P3397 地毯.cpp", "C++", 31, 0, 0, 0, 0, 0, 0, 0, 3, 34
"c:\Users\11146\OneDrive\ACM\OpenjudgeNow\Luogu\P3406 海底高铁.cpp", "C++", 44, 0, 0, 0, 0, 0, 0, 6, 5, 55
"c:\Users\11146\OneDrive\ACM\OpenjudgeNow\Luogu\P3612 [USACO17JAN]Secret Cow Code S.cpp", "C++", 27, 0, 0, 0, 0, 0, 0, 5, 3, 35
"c:\Users\11146\OneDrive\ACM\OpenjudgeNow\Luogu\P3613 【深基15.例2】寄包柜.cpp", "C++", 25, 0, 0, 0, 0, 0, 0, 0, 3, 28
"c:\Users\11146\OneDrive\ACM\OpenjudgeNow\Luogu\P3743 kotori的设备.cpp", "C++", 42, 0, 0, 0, 0, 0, 0, 1, 4, 47
"c:\Users\11146\OneDrive\ACM\OpenjudgeNow\Luogu\P3853 [TJOI2007]路标设置.cpp", "C++", 49, 0, 0, 0, 0, 0, 0, 1, 4, 54
"c:\Users\11146\OneDrive\ACM\OpenjudgeNow\Luogu\P3865 【模板】ST表.cpp", "C++", 38, 0, 0, 0, 0, 0, 0, 1, 5, 44
"c:\Users\11146\OneDrive\ACM\OpenjudgeNow\Luogu\P3884 [JLOI2009]二叉树问题.cpp", "C++", 90, 0, 0, 0, 0, 0, 0, 1, 5, 96
"c:\Users\11146\OneDrive\ACM\OpenjudgeNow\Luogu\P3916 图的遍历.cpp", "C++", 50, 0, 0, 0, 0, 0, 0, 0, 4, 54
"c:\Users\11146\OneDrive\ACM\OpenjudgeNow\Luogu\P3952 [NOIP2017 提高组] 时间复杂度.cpp", "C++", 207, 0, 0, 0, 0, 0, 0, 6, 10, 223
"c:\Users\11146\OneDrive\ACM\OpenjudgeNow\Luogu\P3953 [NOIP2017 提高组] 逛公园.cpp", "C++", 70, 0, 0, 0, 0, 0, 0, 1, 6, 77
"c:\Users\11146\OneDrive\ACM\OpenjudgeNow\Luogu\P3956 [NOIP2017 普及组] 棋盘.cpp", "C++", 122, 0, 0, 0, 0, 0, 0, 10, 6, 138
"c:\Users\11146\OneDrive\ACM\OpenjudgeNow\Luogu\P4017 最大食物链计数.cpp", "C++", 54, 0, 0, 0, 0, 0, 0, 1, 2, 57
"c:\Users\11146\OneDrive\ACM\OpenjudgeNow\Luogu\P4053 [JSOI2007]建筑抢修.cpp", "C++", 48, 0, 0, 0, 0, 0, 0, 0, 2, 50
"c:\Users\11146\OneDrive\ACM\OpenjudgeNow\Luogu\P4343 [SHOI2015]自动刷题机.cpp", "C++", 97, 0, 0, 0, 0, 0, 0, 1, 6, 104
"c:\Users\11146\OneDrive\ACM\OpenjudgeNow\Luogu\P4387 【深基15.习9】验证栈序列.cpp", "C++", 41, 0, 0, 0, 0, 0, 0, 0, 4, 45
"c:\Users\11146\OneDrive\ACM\OpenjudgeNow\Luogu\P4447 [AHOI2018初中组]分组.cpp", "C++", 48, 0, 0, 0, 0, 0, 0, 0, 3, 51
"c:\Users\11146\OneDrive\ACM\OpenjudgeNow\Luogu\P4552 [Poetize6] IncDec Sequence.cpp", "C++", 42, 0, 0, 0, 0, 0, 0, 0, 4, 46
"c:\Users\11146\OneDrive\ACM\OpenjudgeNow\Luogu\P4568 [JLOI2011]飞行路线.cpp", "C++", 103, 0, 0, 0, 0, 0, 0, 1, 5, 109
"c:\Users\11146\OneDrive\ACM\OpenjudgeNow\Luogu\P4715 【深基16.例1】淘汰赛.cpp", "C++", 57, 0, 0, 0, 0, 0, 0, 0, 5, 62
"c:\Users\11146\OneDrive\ACM\OpenjudgeNow\Luogu\P4779 【模板】单源最短路径（标准版）.cpp", "C++", 82, 0, 0, 0, 0, 0, 0, 2, 8, 92
"c:\Users\11146\OneDrive\ACM\OpenjudgeNow\Luogu\P4913 【深基16.例3】二叉树深度.cpp", "C++", 40, 0, 0, 0, 0, 0, 0, 1, 3, 44
"c:\Users\11146\OneDrive\ACM\OpenjudgeNow\Luogu\P4924 [1007]魔法少女小Scarlet.cpp", "C++", 63, 0, 0, 0, 0, 0, 0, 1, 7, 71
"c:\Users\11146\OneDrive\ACM\OpenjudgeNow\Luogu\P5016 [NOIP2018 普及组] 龙虎斗.cpp", "C++", 73, 0, 0, 0, 0, 0, 0, 0, 6, 79
"c:\Users\11146\OneDrive\ACM\OpenjudgeNow\Luogu\P5076 【深基16.例7】普通二叉树（简化版）.cpp", "C++", 135, 0, 0, 0, 0, 0, 0, 1, 9, 145
"c:\Users\11146\OneDrive\ACM\OpenjudgeNow\Luogu\P5143 攀爬者.cpp", "C++", 44, 0, 0, 0, 0, 0, 0, 0, 6, 50
"c:\Users\11146\OneDrive\ACM\OpenjudgeNow\Luogu\P5318 【深基18.例3】查找文献.cpp", "C++", 65, 0, 0, 0, 0, 0, 0, 0, 5, 70
"c:\Users\11146\OneDrive\ACM\OpenjudgeNow\Luogu\P5440 【XR-2】奇迹.cpp", "C++", 36, 0, 0, 0, 0, 0, 0, 2, 4, 42
"c:\Users\11146\OneDrive\ACM\OpenjudgeNow\Luogu\P5506 封锁.cpp", "C++", 363, 0, 0, 0, 0, 0, 0, 0, 25, 388
"c:\Users\11146\OneDrive\ACM\OpenjudgeNow\Luogu\P5514 [MtOI2019]永夜的报应.cpp", "C++", 30, 0, 0, 0, 0, 0, 0, 0, 7, 37
"c:\Users\11146\OneDrive\ACM\OpenjudgeNow\Luogu\P5638 【CSGRound2】光骓者的荣耀.cpp", "C++", 49, 0, 0, 0, 0, 0, 0, 0, 7, 56
"c:\Users\11146\OneDrive\ACM\OpenjudgeNow\Luogu\P5639 【CSGRound2】守序者的尊严.cpp", "C++", 38, 0, 0, 0, 0, 0, 0, 0, 7, 45
"c:\Users\11146\OneDrive\ACM\OpenjudgeNow\Luogu\P5736 【深基7.例2】质数筛.cpp", "C++", 30, 0, 0, 0, 0, 0, 0, 0, 3, 33
"c:\Users\11146\OneDrive\ACM\OpenjudgeNow\Luogu\【LGR-087】洛谷 7 月月赛 Div.2\T185756 珍珠帝王蟹（Crab King）.cpp", "C++", 0, 0, 0, 0, 0, 0, 0, 0, 1, 1
"c:\Users\11146\OneDrive\ACM\OpenjudgeNow\Luogu\【LGR-087】洛谷 7 月月赛 Div.2\T185757 远古档案馆（Ancient Archive）.cpp", "C++", 63, 0, 0, 0, 0, 0, 0, 1, 3, 67
"c:\Users\11146\OneDrive\ACM\OpenjudgeNow\nowcoder\11170\A.加密.cpp", "C++", 60, 0, 0, 0, 0, 0, 0, 0, 4, 64
"c:\Users\11146\OneDrive\ACM\OpenjudgeNow\nowcoder\11170\B.卷积.cpp", "C++", 66, 0, 0, 0, 0, 0, 0, 5, 4, 75
"c:\Users\11146\OneDrive\ACM\OpenjudgeNow\nowcoder\11170\C.不降数.cpp", "C++", 66, 0, 0, 0, 0, 0, 0, 7, 8, 81
"c:\Users\11146\OneDrive\ACM\OpenjudgeNow\nowcoder\11170\E.覆盖.cpp", "C++", 96, 0, 0, 0, 0, 0, 0, 0, 10, 106
"c:\Users\11146\OneDrive\ACM\OpenjudgeNow\nowcoder\11171\A.小 Q 与异或.cpp", "C++", 154, 0, 0, 0, 0, 0, 0, 9, 5, 168
"c:\Users\11146\OneDrive\ACM\OpenjudgeNow\nowcoder\11171\B.小 Q 与彼岸花.cpp", "C++", 46, 0, 0, 0, 0, 0, 0, 0, 4, 50
"c:\Users\11146\OneDrive\ACM\OpenjudgeNow\nowcoder\12800\A 出愚人节欢乐赛.cpp", "C++", 26, 0, 0, 0, 0, 0, 0, 0, 3, 29
"c:\Users\11146\OneDrive\ACM\OpenjudgeNow\nowcoder\12800\B 你这题，狗屁不通.cpp", "C++", 13, 0, 0, 0, 0, 0, 0, 6, 5, 24
"c:\Users\11146\OneDrive\ACM\OpenjudgeNow\nowcoder\12800\D qcjj的蝴蝶结1.cpp", "C++", 43, 0, 0, 0, 0, 0, 0, 0, 5, 48
"c:\Users\11146\OneDrive\ACM\OpenjudgeNow\nowcoder\12800\G 诡异的七重咒印.cpp", "C++", 69, 0, 0, 0, 0, 0, 0, 1, 5, 75
"c:\Users\11146\OneDrive\ACM\OpenjudgeNow\nowcoder\12800\H 氵林女女的记录本.cpp", "C++", 31, 0, 0, 0, 0, 0, 0, 0, 3, 34
"c:\Users\11146\OneDrive\ACM\OpenjudgeNow\nowcoder\12800\I 数据跃迁.cpp", "C++", 27, 0, 0, 0, 0, 0, 0, 0, 3, 30
"c:\Users\11146\OneDrive\ACM\OpenjudgeNow\nowcoder\13215\A.寻宝.cpp", "C++", 58, 0, 0, 0, 0, 0, 0, 4, 4, 66
"c:\Users\11146\OneDrive\ACM\OpenjudgeNow\nowcoder\13215\B.小红的字符串.cpp", "C++", 72, 0, 0, 0, 0, 0, 0, 11, 4, 87
"c:\Users\11146\OneDrive\ACM\OpenjudgeNow\nowcoder\13215\C.排队.cpp", "C++", 85, 0, 0, 0, 0, 0, 0, 5, 5, 95
"c:\Users\11146\OneDrive\ACM\OpenjudgeNow\nowcoder\13215\D.跑步训练.cpp", "C++", 69, 0, 0, 0, 0, 0, 0, 28, 8, 105
"c:\Users\11146\OneDrive\ACM\OpenjudgeNow\nowcoder\13215\F.小明运货.cpp", "C++", 175, 0, 0, 0, 0, 0, 0, 13, 8, 196
"c:\Users\11146\OneDrive\ACM\OpenjudgeNow\nowcoder\16489牛客2021年儿童节比赛\A.喵喵喵.cpp", "C++", 60, 0, 0, 0, 0, 0, 0, 1, 4, 65
"c:\Users\11146\OneDrive\ACM\OpenjudgeNow\nowcoder\16489牛客2021年儿童节比赛\B.AC自动机fail树dfs序建可持久化线段树.cpp", "C++", 60, 0, 0, 0, 0, 0, 0, 11, 6, 77
"c:\Users\11146\OneDrive\ACM\OpenjudgeNow\nowcoder\16489牛客2021年儿童节比赛\E.帮助走失儿童回家easy version.cpp", "C++", 26, 0, 0, 0, 0, 0, 0, 0, 3, 29
"c:\Users\11146\OneDrive\ACM\OpenjudgeNow\nowcoder\16489牛客2021年儿童节比赛\G.四则运算.cpp", "C++", 53, 0, 0, 0, 0, 0, 0, 0, 5, 58
"c:\Users\11146\OneDrive\ACM\OpenjudgeNow\nowcoder\16489牛客2021年儿童节比赛\H.数码宝贝.cpp", "C++", 26, 0, 0, 0, 0, 0, 0, 0, 3, 29
"c:\Users\11146\OneDrive\ACM\OpenjudgeNow\nowcoder\16489牛客2021年儿童节比赛\I.qcjj和yuju玩填充游戏.cpp", "C++", 42, 0, 0, 0, 0, 0, 0, 0, 5, 47
"c:\Users\11146\OneDrive\ACM\OpenjudgeNow\nowcoder\9536\9536A.抗疫必胜1.cpp", "C++", 10, 0, 0, 0, 0, 0, 0, 0, 2, 12
"c:\Users\11146\OneDrive\ACM\OpenjudgeNow\nowcoder\9536\9536B.疫情死亡率.cpp", "C++", 10, 0, 0, 0, 0, 0, 0, 0, 3, 13
"c:\Users\11146\OneDrive\ACM\OpenjudgeNow\nowcoder\9536\9536C.整除判断.cpp", "C++", 12, 0, 0, 0, 0, 0, 0, 0, 3, 15
"c:\Users\11146\OneDrive\ACM\OpenjudgeNow\nowcoder\9536\9536D.编程时间.cpp", "C++", 14, 0, 0, 0, 0, 0, 0, 0, 3, 17
"c:\Users\11146\OneDrive\ACM\OpenjudgeNow\nowcoder\9536\9536E.双位彩.cpp", "C++", 25, 0, 0, 0, 0, 0, 0, 0, 3, 28
"c:\Users\11146\OneDrive\ACM\OpenjudgeNow\nowcoder\9536\9536F.抗疫必胜2.cpp", "C++", 10, 0, 0, 0, 0, 0, 0, 0, 3, 13
"c:\Users\11146\OneDrive\ACM\OpenjudgeNow\nowcoder\9536\9536G.成绩统计.cpp", "C++", 23, 0, 0, 0, 0, 0, 0, 0, 3, 26
"c:\Users\11146\OneDrive\ACM\OpenjudgeNow\nowcoder\9536\9536H.抗疫必胜3.cpp", "C++", 19, 0, 0, 0, 0, 0, 0, 0, 3, 22
"c:\Users\11146\OneDrive\ACM\OpenjudgeNow\nowcoder\9536\9536I.统计数据.cpp", "C++", 20, 0, 0, 0, 0, 0, 0, 0, 3, 23
"c:\Users\11146\OneDrive\ACM\OpenjudgeNow\nowcoder\9536\9536J.子序列求和.cpp", "C++", 25, 0, 0, 0, 0, 0, 0, 0, 3, 28
"c:\Users\11146\OneDrive\ACM\OpenjudgeNow\nowcoder\9536\9536K.Simple Question.cpp", "C++", 17, 0, 0, 0, 0, 0, 0, 0, 3, 20
"c:\Users\11146\OneDrive\ACM\OpenjudgeNow\nowcoder\9536\9536L.Wrong Word.cpp", "C++", 42, 0, 0, 0, 0, 0, 0, 0, 5, 47
"c:\Users\11146\OneDrive\ACM\OpenjudgeNow\nowcoder\9536\9536M.Mutable Array(rebuild).cpp", "C++", 19, 0, 0, 0, 0, 0, 0, 0, 3, 22
"c:\Users\11146\OneDrive\ACM\OpenjudgeNow\nowcoder\9536\9536M.Mutable Array.cpp", "C++", 19, 0, 0, 0, 0, 0, 0, 0, 3, 22
"c:\Users\11146\OneDrive\ACM\OpenjudgeNow\nowcoder\9536\9536N.Interesting Number.cpp", "C++", 28, 0, 0, 0, 0, 0, 0, 1, 3, 32
"c:\Users\11146\OneDrive\ACM\OpenjudgeNow\nowcoder\9536\9536O.Find Difference.cpp", "C++", 12, 0, 0, 0, 0, 0, 0, 0, 3, 15
"c:\Users\11146\OneDrive\ACM\OpenjudgeNow\nowcoder\9536\9536P.Dismantling Number.cpp", "C++", 43, 0, 0, 0, 0, 0, 0, 0, 3, 46
"c:\Users\11146\OneDrive\ACM\OpenjudgeNow\nowcoder\9536\9536Q.Finite Decimal.cpp", "C++", 23, 0, 0, 0, 0, 0, 0, 0, 4, 27
"c:\Users\11146\OneDrive\ACM\OpenjudgeNow\nowcoder\9536\9536R.Take apples.cpp", "C++", 27, 0, 0, 0, 0, 0, 0, 0, 3, 30
"c:\Users\11146\OneDrive\ACM\OpenjudgeNow\nowcoder\9934\9934A.Young Man Don't Say Five.cpp", "C++", 13, 0, 0, 0, 0, 0, 0, 0, 3, 16
"c:\Users\11146\OneDrive\ACM\OpenjudgeNow\nowcoder\9934\9934B.Xjj's Touching Value.cpp", "C++", 53, 0, 0, 0, 0, 0, 0, 0, 5, 58
"c:\Users\11146\OneDrive\ACM\OpenjudgeNow\nowcoder\9934\9934C.Jiubei And Hearthstone Battlegrounds.cpp", "C++", 0, 0, 0, 0, 0, 0, 0, 0, 1, 1
"c:\Users\11146\OneDrive\ACM\OpenjudgeNow\nowcoder\9934\9934F.Drinking Time II.cpp", "C++", 16, 0, 0, 0, 0, 0, 0, 0, 3, 19
"c:\Users\11146\OneDrive\ACM\OpenjudgeNow\nowcoder\9934\9934H.Bsq AK ZUCCPC.cpp", "C++", 36, 0, 0, 0, 0, 0, 0, 0, 3, 39
"c:\Users\11146\OneDrive\ACM\OpenjudgeNow\nowcoder\9934\9934I.All Zero Sequence.cpp", "C++", 22, 0, 0, 0, 0, 0, 0, 0, 3, 25
"c:\Users\11146\OneDrive\ACM\OpenjudgeNow\nowcoder\9934\9934K.GPA Involution-rebuild.cpp", "C++", 40, 0, 0, 0, 0, 0, 0, 0, 5, 45
"c:\Users\11146\OneDrive\ACM\OpenjudgeNow\nowcoder\9934\9934K.GPA Involution.cpp", "C++", 23, 0, 0, 0, 0, 0, 0, 6, 4, 33
"c:\Users\11146\OneDrive\ACM\OpenjudgeNow\nowcoder\9934\9934L.No 114514.cpp", "C++", 33, 0, 0, 0, 0, 0, 0, 0, 4, 37
"c:\Users\11146\OneDrive\ACM\OpenjudgeNow\nowcoder\9981\一群小青蛙呱蹦呱蹦呱.cpp", "C++", 53, 0, 0, 0, 0, 0, 0, 0, 3, 56
"c:\Users\11146\OneDrive\ACM\OpenjudgeNow\nowcoder\9981\串.cpp", "C++", 28, 0, 0, 0, 0, 0, 0, 6, 2, 36
"c:\Users\11146\OneDrive\ACM\OpenjudgeNow\nowcoder\9981\对答案一时爽.cpp", "C++", 25, 0, 0, 0, 0, 0, 0, 0, 3, 28
"c:\Users\11146\OneDrive\ACM\OpenjudgeNow\nowcoder\9981\括号.cpp", "C++", 44, 0, 0, 0, 0, 0, 0, 6, 2, 52
"c:\Users\11146\OneDrive\ACM\OpenjudgeNow\nowcoder\9981\红和蓝.cpp", "C++", 45, 0, 0, 0, 0, 0, 0, 0, 4, 49
"c:\Users\11146\OneDrive\ACM\OpenjudgeNow\nowcoder\9981\限制不互素对的排列.cpp", "C++", 55, 0, 0, 0, 0, 0, 0, 0, 4, 59
"c:\Users\11146\OneDrive\ACM\OpenjudgeNow\nowcoder\9982\Untitled-1.cpp", "C++", 22, 0, 0, 0, 0, 0, 0, 0, 3, 25
"c:\Users\11146\OneDrive\ACM\OpenjudgeNow\nowcoder\9982\template.cpp", "C++", 24, 0, 0, 0, 0, 0, 0, 0, 3, 27
"c:\Users\11146\OneDrive\ACM\OpenjudgeNow\nowcoder\9982\回文括号序列计数.cpp", "C++", 70, 0, 0, 0, 0, 0, 0, 100, 6, 176
"c:\Users\11146\OneDrive\ACM\OpenjudgeNow\nowcoder\9982\牛牛与交换排序.cpp", "C++", 59, 0, 0, 0, 0, 0, 0, 11, 2, 72
"c:\Users\11146\OneDrive\ACM\OpenjudgeNow\nowcoder\9982\牛牛与整除分块.cpp", "C++", 19, 0, 0, 0, 0, 0, 0, 0, 2, 21
"c:\Users\11146\OneDrive\ACM\OpenjudgeNow\nowcoder\9982\牛牛与棋盘.cpp", "C++", 27, 0, 0, 0, 0, 0, 0, 0, 4, 31
"c:\Users\11146\OneDrive\ACM\OpenjudgeNow\nowcoder\9982\牛牛与比赛颁奖.cpp", "C++", 1, 0, 0, 0, 0, 0, 0, 0, 0, 1
"c:\Users\11146\OneDrive\ACM\OpenjudgeNow\nowcoder\9982\牛牛想要成为hacker.cpp", "C++", 43, 0, 0, 0, 0, 0, 0, 4, 4, 51
"c:\Users\11146\OneDrive\ACM\OpenjudgeNow\nowcoder\9982\牛牛的“质因数”.cpp", "C++", 72, 0, 0, 0, 0, 0, 0, 5, 5, 82
"c:\Users\11146\OneDrive\ACM\OpenjudgeNow\nowcoder\9983\Happy New Year！.cpp", "C++", 22, 0, 0, 0, 0, 0, 0, 0, 3, 25
"c:\Users\11146\OneDrive\ACM\OpenjudgeNow\nowcoder\9983\买礼物.cpp", "C++", 84, 0, 0, 0, 0, 0, 0, 5, 4, 93
"c:\Users\11146\OneDrive\ACM\OpenjudgeNow\nowcoder\9983\内卷.cpp", "C++", 15, 0, 0, 0, 0, 0, 0, 0, 3, 18
"c:\Users\11146\OneDrive\ACM\OpenjudgeNow\nowcoder\9983\加法和乘法.cpp", "C++", 47, 0, 0, 0, 0, 0, 0, 42, 2, 91
"c:\Users\11146\OneDrive\ACM\OpenjudgeNow\nowcoder\9983\匹配串.cpp", "C++", 69, 0, 0, 0, 0, 0, 0, 13, 3, 85
"c:\Users\11146\OneDrive\ACM\OpenjudgeNow\nowcoder\9983\序列的美观度.cpp", "C++", 29, 0, 0, 0, 0, 0, 0, 5, 3, 37
"c:\Users\11146\OneDrive\ACM\OpenjudgeNow\nowcoder\9983\数字串.cpp", "C++", 96, 0, 0, 0, 0, 0, 0, 0, 7, 103
"c:\Users\11146\OneDrive\ACM\OpenjudgeNow\nowcoder\9983\糖果.cpp", "C++", 47, 0, 0, 0, 0, 0, 0, 0, 4, 51
"c:\Users\11146\OneDrive\ACM\OpenjudgeNow\nowcoder\9983\重力坠击.cpp", "C++", 88, 0, 0, 0, 0, 0, 0, 1, 4, 93
"c:\Users\11146\OneDrive\ACM\OpenjudgeNow\nowcoder\9984\吴楚月的表达式.cpp", "C++", 24, 0, 0, 0, 0, 0, 0, 0, 3, 27
"c:\Users\11146\OneDrive\ACM\OpenjudgeNow\nowcoder\9984\武辰延的字符串.cpp", "C++", 88, 0, 0, 0, 0, 0, 0, 9, 6, 103
"c:\Users\11146\OneDrive\ACM\OpenjudgeNow\nowcoder\9984\邬澄瑶的公约数.cpp", "C++", 110, 0, 0, 0, 0, 0, 0, 5, 5, 120
"c:\Users\11146\OneDrive\ACM\OpenjudgeNow\nowcoder\9985\我的心是冰冰的.cpp", "C++", 43, 0, 0, 0, 0, 0, 0, 0, 4, 47
"c:\Users\11146\OneDrive\ACM\OpenjudgeNow\nowcoder\9985\模仿游戏.cpp", "C++", 30, 0, 0, 0, 0, 0, 0, 0, 4, 34
"c:\Users\11146\OneDrive\ACM\OpenjudgeNow\nowcoder\9985\比武招亲（上）.cpp", "C++", 58, 0, 0, 0, 0, 0, 0, 45, 6, 109
"c:\Users\11146\OneDrive\ACM\OpenjudgeNow\nowcoder\9986\划数.cpp", "C++", 64, 0, 0, 0, 0, 0, 0, 4, 5, 73
"c:\Users\11146\OneDrive\ACM\OpenjudgeNow\nowcoder\9986\动态最小生成树.cpp", "C++", 94, 0, 0, 0, 0, 0, 0, 0, 8, 102
"c:\Users\11146\OneDrive\ACM\OpenjudgeNow\nowcoder\9986\天空之城.cpp", "C++", 88, 0, 0, 0, 0, 0, 0, 6, 8, 102
"c:\Users\11146\OneDrive\ACM\OpenjudgeNow\nowcoder\9986\末三位.cpp", "C++", 47, 0, 0, 0, 0, 0, 0, 0, 3, 50
"c:\Users\11146\OneDrive\ACM\OpenjudgeNow\nowcoder\9986\机器人.cpp", "C++", 54, 0, 0, 0, 0, 0, 0, 12, 6, 72
"c:\Users\11146\OneDrive\ACM\OpenjudgeNow\nowcoder\9986\组合数问题.cpp", "C++", 65, 0, 0, 0, 0, 0, 0, 26, 7, 98
"c:\Users\11146\OneDrive\ACM\OpenjudgeNow\nowcoder\9986\贪吃蛇.cpp", "C++", 71, 0, 0, 0, 0, 0, 0, 2, 3, 76
"c:\Users\11146\OneDrive\ACM\OpenjudgeNow\nowcoder\unknown\A.仓鼠与饭堂.cpp", "C++", 39, 0, 0, 0, 0, 0, 0, 0, 4, 43
"c:\Users\11146\OneDrive\ACM\OpenjudgeNow\nowcoder\unknown\B.仓鼠与排序.cpp", "C++", 60, 0, 0, 0, 0, 0, 0, 0, 5, 65
"c:\Users\11146\OneDrive\ACM\OpenjudgeNow\nowcoder\unknown\C.仓鼠很有精神.cpp", "C++", 38, 0, 0, 0, 0, 0, 0, 0, 6, 44
"c:\Users\11146\OneDrive\ACM\OpenjudgeNow\nowcoder\unknown\J.仓鼠不玩炉石传说.cpp", "C++", 46, 0, 0, 0, 0, 0, 0, 0, 4, 50
"c:\Users\11146\OneDrive\ACM\OpenjudgeNow\nowcoder\unknown\R.Take Apples.cpp", "C++", 43, 0, 0, 0, 0, 0, 0, 0, 4, 47
"c:\Users\11146\OneDrive\ACM\OpenjudgeNow\saik\A.cpp", "C++", 18, 0, 0, 0, 0, 0, 0, 0, 1, 19
"c:\Users\11146\OneDrive\ACM\OpenjudgeNow\saik\B.cpp", "C++", 34, 0, 0, 0, 0, 0, 0, 0, 2, 36
"c:\Users\11146\OneDrive\ACM\OpenjudgeNow\saik\C.cpp", "C++", 45, 0, 0, 0, 0, 0, 0, 0, 7, 52
"c:\Users\11146\OneDrive\ACM\OpenjudgeNow\saik\D.cpp", "C++", 104, 0, 0, 0, 0, 0, 0, 0, 11, 115
"c:\Users\11146\OneDrive\ACM\OpenjudgeNow\saik\DD.cpp", "C++", 84, 0, 0, 0, 0, 0, 0, 0, 4, 88
"c:\Users\11146\OneDrive\ACM\OpenjudgeNow\saik\F.cpp", "C++", 55, 0, 0, 0, 0, 0, 0, 0, 7, 62
"c:\Users\11146\OneDrive\ACM\OpenjudgeNow\saik\G.cpp", "C++", 62, 0, 0, 0, 0, 0, 0, 0, 6, 68
"c:\Users\11146\OneDrive\ACM\OpenjudgeNow\saik\H.cpp", "C++", 45, 0, 0, 0, 0, 0, 0, 0, 0, 45
"c:\Users\11146\OneDrive\ACM\OpenjudgeNow\saik\L.cpp", "C++", 32, 0, 0, 0, 0, 0, 0, 0, 3, 35
"c:\Users\11146\OneDrive\ACM\OpenjudgeNow\saik\Untitled-1.cpp", "C++", 125, 0, 0, 0, 0, 0, 0, 0, 3, 128
"c:\Users\11146\OneDrive\ACM\OpenjudgeNow\vjudge\contestNow\439357\A - Counting Offspring.cpp", "C++", 93, 0, 0, 0, 0, 0, 0, 2, 9, 104
"c:\Users\11146\OneDrive\ACM\OpenjudgeNow\vjudge\contestNow\439357\B - Apple Tree.cpp", "C++", 135, 0, 0, 0, 0, 0, 0, 13, 13, 161
"c:\Users\11146\OneDrive\ACM\OpenjudgeNow\vjudge\contestNow\439357\CF620E New Year Tree.cpp", "C++", 159, 0, 0, 0, 0, 0, 0, 7, 16, 182
"c:\Users\11146\OneDrive\ACM\OpenjudgeNow\vjudge\contestNow\439357\D - Snacks.cpp", "C++", 169, 0, 0, 0, 0, 0, 0, 2, 15, 186
"c:\Users\11146\OneDrive\ACM\OpenjudgeNow\vjudge\contestNow\439357\F - Count Color.cpp", "C++", 126, 0, 0, 0, 0, 0, 0, 7, 13, 146
"c:\Users\11146\OneDrive\ACM\OpenjudgeNow\vjudge\contestNow\439357\G - Dis.cpp", "C++", 96, 0, 0, 0, 0, 0, 0, 2, 8, 106
"c:\Users\11146\OneDrive\ACM\OpenjudgeNow\vjudge\contestNow\439357\H - 求和.cpp", "C++", 112, 0, 0, 0, 0, 0, 0, 6, 9, 127
"c:\Users\11146\OneDrive\ACM\OpenjudgeNow\vjudge\contestNow\439357\J - 松鼠的新家.cpp", "C++", 117, 0, 0, 0, 0, 0, 0, 3, 9, 129
"c:\Users\11146\OneDrive\ACM\OpenjudgeNow\vjudge\contestNow\439357\P2680 [NOIP2015 提高组] 运输计划.cpp", "C++", 150, 0, 0, 0, 0, 0, 0, 2, 11, 163
"c:\Users\11146\OneDrive\ACM\OpenjudgeNow\vjudge\contestNow\439357\P3178 [HAOI2015]树上操作-rebuild.cpp", "C++", 195, 0, 0, 0, 0, 0, 0, 3, 18, 216
"c:\Users\11146\OneDrive\ACM\OpenjudgeNow\vjudge\contestNow\439357\P3178 [HAOI2015]树上操作.cpp", "C++", 187, 0, 0, 0, 0, 0, 0, 7, 1, 195
"c:\Users\11146\OneDrive\ACM\OpenjudgeNow\vjudge\contestNow\442406\A - Prepared for New Acmer.cpp", "C++", 54, 0, 0, 0, 0, 0, 0, 0, 5, 59
"c:\Users\11146\OneDrive\ACM\OpenjudgeNow\vjudge\contestNow\442406\B - A sequence of numbers.cpp", "C++", 59, 0, 0, 0, 0, 0, 0, 1, 5, 65
"c:\Users\11146\OneDrive\ACM\OpenjudgeNow\vjudge\contestNow\442406\C - Rightmost Digit.cpp", "C++", 52, 0, 0, 0, 0, 0, 0, 0, 5, 57
"c:\Users\11146\OneDrive\ACM\OpenjudgeNow\vjudge\contestNow\442406\D - A hard puzzle.cpp", "C++", 47, 0, 0, 0, 0, 0, 0, 0, 5, 52
"c:\Users\11146\OneDrive\ACM\OpenjudgeNow\vjudge\contestNow\442406\E - How many ways.cpp", "C++", 97, 0, 0, 0, 0, 0, 0, 7, 7, 111
"c:\Users\11146\OneDrive\ACM\OpenjudgeNow\vjudge\contestNow\442406\F - Another kind of Fibonacci.cpp", "C++", 92, 0, 0, 0, 0, 0, 0, 1, 7, 100
"c:\Users\11146\OneDrive\ACM\OpenjudgeNow\vjudge\contestNow\442406\H - Fibonacci.cpp", "C++", 88, 0, 0, 0, 0, 0, 0, 0, 6, 94
"c:\Users\11146\OneDrive\ACM\OpenjudgeNow\vjudge\contestNow\442406\I - Happy Necklace.cpp", "C++", 88, 0, 0, 0, 0, 0, 0, 2, 6, 96
"c:\Users\11146\OneDrive\ACM\OpenjudgeNow\vjudge\contestNow\442406\J - Tr A.cpp", "C++", 91, 0, 0, 0, 0, 0, 0, 0, 6, 97
"c:\Users\11146\OneDrive\ACM\OpenjudgeNow\vjudge\contestNow\442406\K - Recursive sequence.cpp", "C++", 122, 0, 0, 0, 0, 0, 0, 3, 6, 131
"c:\Users\11146\OneDrive\ACM\OpenjudgeNow\vjudge\contestNow\442406\L - Matrix Power Series.cpp", "C++", 99, 0, 0, 0, 0, 0, 0, 33, 10, 142
"c:\Users\11146\OneDrive\ACM\OpenjudgeNow\vjudge\contestNow\442406\M - Blocks-cor.cpp", "C++", 80, 0, 0, 0, 0, 0, 0, 0, 13, 93
"c:\Users\11146\OneDrive\ACM\OpenjudgeNow\vjudge\contestNow\442406\M - Blocks.cpp", "C++", 114, 0, 0, 0, 0, 0, 0, 1, 11, 126
"c:\Users\11146\OneDrive\ACM\OpenjudgeNow\vjudge\contestNow\442406\Matrix.cpp", "C++", 92, 0, 0, 0, 0, 0, 0, 1, 11, 104
"c:\Users\11146\OneDrive\ACM\OpenjudgeNow\vjudge\contestNow\442406\N - Training little cats.cpp", "C++", 133, 0, 0, 0, 0, 0, 0, 1, 12, 146
"c:\Users\11146\OneDrive\ACM\OpenjudgeNow\vjudge\contestNow\442406\O - Tiling_easy version.cpp", "C++", 107, 0, 0, 0, 0, 0, 0, 1, 11, 119
"c:\Users\11146\OneDrive\ACM\OpenjudgeNow\vjudge\contestNow\442406\P - Tri Tiling.cpp", "C++", 118, 0, 0, 0, 0, 0, 0, 1, 11, 130
"c:\Users\11146\OneDrive\ACM\OpenjudgeNow\vjudge\contestNow\442406\Q - Quad Tiling.cpp", "C++", 113, 0, 0, 0, 0, 0, 0, 1, 11, 125
"c:\Users\11146\OneDrive\ACM\OpenjudgeNow\vjudge\contestNow\442406\R - Sonya and Informatics.cpp", "C++", 33, 0, 0, 0, 0, 0, 0, 1, 3, 37
"c:\Users\11146\OneDrive\ACM\OpenjudgeNow\vjudge\contestNow\442406\S - DNA Alignment.cpp", "C++", 70, 0, 0, 0, 0, 0, 0, 1, 5, 76
"c:\Users\11146\OneDrive\ACM\OpenjudgeNow\vjudge\contestNow\442406\T - A Simple Math Problem.cpp", "C++", 116, 0, 0, 0, 0, 0, 0, 1, 11, 128
"c:\Users\11146\OneDrive\ACM\OpenjudgeNow\vjudge\contestNow\442406\U - Queuing-cor.cpp", "C++", 55, 0, 0, 0, 0, 0, 0, 0, 4, 59
"c:\Users\11146\OneDrive\ACM\OpenjudgeNow\vjudge\contestNow\442406\U - Queuing.cpp", "C++", 115, 0, 0, 0, 0, 0, 0, 1, 11, 127
"c:\Users\11146\OneDrive\ACM\OpenjudgeNow\vjudge\contestNow\442406\V - 233 Matrix-cor.cpp", "C++", 69, 0, 0, 0, 0, 0, 0, 13, 9, 91
"c:\Users\11146\OneDrive\ACM\OpenjudgeNow\vjudge\contestNow\442406\V - 233 Matrix.cpp", "C++", 114, 0, 0, 0, 0, 0, 0, 13, 11, 138
"c:\Users\11146\OneDrive\ACM\OpenjudgeNow\vjudge\contestNow\442406\W - Cotree.cpp", "C++", 41, 0, 0, 0, 0, 0, 0, 1, 6, 48
"c:\Users\11146\OneDrive\ACM\OpenjudgeNow\vjudge\contestNow\442406\Y - Tree.cpp", "C++", 85, 0, 0, 0, 0, 0, 0, 1, 5, 91
"c:\Users\11146\OneDrive\ACM\OpenjudgeNow\vjudge\contestNow\442406\Z - 树的直径.cpp", "C++", 65, 0, 0, 0, 0, 0, 0, 1, 5, 71
"c:\Users\11146\OneDrive\ACM\OpenjudgeNow\vjudge\contestNow\446834\L - L.cpp", "C++", 77, 0, 0, 0, 0, 0, 0, 1, 5, 83
"c:\Users\11146\OneDrive\ACM\OpenjudgeNow\vjudge\contestOld\411807\C - Palindromes.cpp", "C++", 74, 0, 0, 0, 0, 0, 0, 1, 5, 80
"c:\Users\11146\OneDrive\ACM\OpenjudgeNow\vjudge\contestOld\411807\P - Box.cpp", "C++", 53, 0, 0, 0, 0, 0, 0, 4, 6, 63
"c:\Users\11146\OneDrive\ACM\OpenjudgeNow\vjudge\contestOld\417358\A - 签到.cpp", "C++", 17, 0, 0, 0, 0, 0, 0, 0, 3, 20
"c:\Users\11146\OneDrive\ACM\OpenjudgeNow\vjudge\contestOld\417358\B - 签到2.cpp", "C++", 68, 0, 0, 0, 0, 0, 0, 0, 4, 72
"c:\Users\11146\OneDrive\ACM\OpenjudgeNow\vjudge\contestOld\417358\C - 模拟.cpp", "C++", 102, 0, 0, 0, 0, 0, 0, 0, 4, 106
"c:\Users\11146\OneDrive\ACM\OpenjudgeNow\vjudge\contestOld\417358\D - 二分答案.cpp", "C++", 59, 0, 0, 0, 0, 0, 0, 2, 4, 65
"c:\Users\11146\OneDrive\ACM\OpenjudgeNow\vjudge\contestOld\417358\E - 素数筛.cpp", "C++", 43, 0, 0, 0, 0, 0, 0, 6, 2, 51
"c:\Users\11146\OneDrive\ACM\OpenjudgeNow\vjudge\contestOld\417358\F - DFS、并查集.cpp", "C++", 60, 0, 0, 0, 0, 0, 0, 11, 5, 76
"c:\Users\11146\OneDrive\ACM\OpenjudgeNow\vjudge\contestOld\417358\G - 为了防止榜太难看临时加的一个签到.cpp", "C++", 14, 0, 0, 0, 0, 0, 0, 0, 3, 17
"c:\Users\11146\OneDrive\ACM\OpenjudgeNow\vjudge\contestOld\417644\C - Find a way.cpp", "C++", 149, 0, 0, 0, 0, 0, 0, 2, 7, 158
"c:\Users\11146\OneDrive\ACM\OpenjudgeNow\vjudge\contestOld\417644\E - Fire!.cpp", "C++", 163, 0, 0, 0, 0, 0, 0, 14, 7, 184
"c:\Users\11146\OneDrive\ACM\OpenjudgeNow\vjudge\contestOld\417644\F - The Sultan's Successors.cpp", "C++", 48, 0, 0, 0, 0, 0, 0, 1, 5, 54
"c:\Users\11146\OneDrive\ACM\OpenjudgeNow\vjudge\contestOld\417644\G - Rescue.cpp", "C++", 101, 0, 0, 0, 0, 0, 0, 1, 6, 108
"c:\Users\11146\OneDrive\ACM\OpenjudgeNow\vjudge\contestOld\417644\H - 蜘蛛牌.cpp", "C++", 61, 0, 0, 0, 0, 0, 0, 1, 6, 68
"c:\Users\11146\OneDrive\ACM\OpenjudgeNow\vjudge\contestOld\417644\P - Sudoku Killer.cpp", "C++", 117, 0, 0, 0, 0, 0, 0, 1, 9, 127
"c:\Users\11146\OneDrive\ACM\OpenjudgeNow\vjudge\contestOld\417644\Q - 迷宫问题.cpp", "C++", 122, 0, 0, 0, 0, 0, 0, 3, 7, 132
"c:\Users\11146\OneDrive\ACM\OpenjudgeNow\vjudge\contestOld\418491\A - A.真签到.cpp", "C++", 54, 0, 0, 0, 0, 0, 0, 1, 4, 59
"c:\Users\11146\OneDrive\ACM\OpenjudgeNow\vjudge\contestOld\418491\B - B.针签到.cpp", "C++", 30, 0, 0, 0, 0, 0, 0, 12, 3, 45
"c:\Users\11146\OneDrive\ACM\OpenjudgeNow\vjudge\contestOld\418491\C - C.珍签到.cpp", "C++", 56, 0, 0, 0, 0, 0, 0, 0, 4, 60
"c:\Users\11146\OneDrive\ACM\OpenjudgeNow\vjudge\contestOld\418491\D - D.贞签到.cpp", "C++", 62, 0, 0, 0, 0, 0, 0, 2, 4, 68
"c:\Users\11146\OneDrive\ACM\OpenjudgeNow\vjudge\contestOld\418491\E - E.帧签到.cpp", "C++", 49, 0, 0, 0, 0, 0, 0, 10, 4, 63
"c:\Users\11146\OneDrive\ACM\OpenjudgeNow\vjudge\contestOld\418491\F - F.甄签到.cpp", "C++", 60, 0, 0, 0, 0, 0, 0, 0, 6, 66
"c:\Users\11146\OneDrive\ACM\OpenjudgeNow\vjudge\contestOld\418491\G - G.臻签到.cpp", "C++", 70, 0, 0, 0, 0, 0, 0, 0, 4, 74
"c:\Users\11146\OneDrive\ACM\OpenjudgeNow\vjudge\contestOld\418547\A - Investment.cpp", "C++", 42, 0, 0, 0, 0, 0, 0, 1, 5, 48
"c:\Users\11146\OneDrive\ACM\OpenjudgeNow\vjudge\contestOld\418547\B - Charlie's Change.cpp", "C++", 54, 0, 0, 0, 0, 0, 0, 0, 2, 56
"c:\Users\11146\OneDrive\ACM\OpenjudgeNow\vjudge\contestOld\418547\C - 饭卡.cpp", "C++", 40, 0, 0, 0, 0, 0, 0, 0, 4, 44
"c:\Users\11146\OneDrive\ACM\OpenjudgeNow\vjudge\contestOld\418547\E - Coin Change.cpp", "C++", 24, 0, 0, 0, 0, 0, 0, 0, 3, 27
"c:\Users\11146\OneDrive\ACM\OpenjudgeNow\vjudge\contestOld\418547\F - Dollars.cpp", "C++", 29, 0, 0, 0, 0, 0, 0, 1, 3, 33
"c:\Users\11146\OneDrive\ACM\OpenjudgeNow\vjudge\contestOld\418547\G - 最大报销额.cpp", "C++", 73, 0, 0, 0, 0, 0, 0, 0, 4, 77
"c:\Users\11146\OneDrive\ACM\OpenjudgeNow\vjudge\contestOld\418547\J - 悼念512汶川大地震遇难同胞——珍惜现在，感恩生活.cpp", "C++", 52, 0, 0, 0, 0, 0, 0, 3, 4, 59
"c:\Users\11146\OneDrive\ACM\OpenjudgeNow\vjudge\contestOld\418547\K - 钱币兑换问题.cpp", "C++", 24, 0, 0, 0, 0, 0, 0, 0, 3, 27
"c:\Users\11146\OneDrive\ACM\OpenjudgeNow\vjudge\contestOld\418547\M - 湫湫系列故事——减肥记I.cpp", "C++", 39, 0, 0, 0, 0, 0, 0, 1, 4, 44
"c:\Users\11146\OneDrive\ACM\OpenjudgeNow\vjudge\contestOld\420652\A - A.cpp", "C++", 26, 0, 0, 0, 0, 0, 0, 0, 4, 30
"c:\Users\11146\OneDrive\ACM\OpenjudgeNow\vjudge\contestOld\420652\B - B.cpp", "C++", 45, 0, 0, 0, 0, 0, 0, 1, 4, 50
"c:\Users\11146\OneDrive\ACM\OpenjudgeNow\vjudge\contestOld\420652\C - C.cpp", "C++", 19, 0, 0, 0, 0, 0, 0, 4, 4, 27
"c:\Users\11146\OneDrive\ACM\OpenjudgeNow\vjudge\contestOld\420652\D - D.cpp", "C++", 132, 0, 0, 0, 0, 0, 0, 1, 5, 138
"c:\Users\11146\OneDrive\ACM\OpenjudgeNow\vjudge\contestOld\420652\E - E.cpp", "C++", 46, 0, 0, 0, 0, 0, 0, 6, 4, 56
"c:\Users\11146\OneDrive\ACM\OpenjudgeNow\vjudge\contestOld\420652\F - F.cpp", "C++", 47, 0, 0, 0, 0, 0, 0, 2, 4, 53
"c:\Users\11146\OneDrive\ACM\OpenjudgeNow\vjudge\contestOld\420652\I - I.cpp", "C++", 63, 0, 0, 0, 0, 0, 0, 2, 5, 70
"c:\Users\11146\OneDrive\ACM\OpenjudgeNow\vjudge\contestOld\422690\A - Lucky Division.cpp", "C++", 53, 0, 0, 0, 0, 0, 0, 0, 4, 57
"c:\Users\11146\OneDrive\ACM\OpenjudgeNow\vjudge\contestOld\422690\B - Lucky Substring.cpp", "C++", 46, 0, 0, 0, 0, 0, 0, 20, 2, 68
"c:\Users\11146\OneDrive\ACM\OpenjudgeNow\vjudge\contestOld\422690\C - Panoramix's Prediction.cpp", "C++", 46, 0, 0, 0, 0, 0, 0, 0, 3, 49
"c:\Users\11146\OneDrive\ACM\OpenjudgeNow\vjudge\contestOld\422690\D - Depression.cpp", "C++", 36, 0, 0, 0, 0, 0, 0, 0, 3, 39
"c:\Users\11146\OneDrive\ACM\OpenjudgeNow\vjudge\contestOld\422690\E - Heroes.cpp", "C++", 128, 0, 0, 0, 0, 0, 0, 8, 6, 142
"c:\Users\11146\OneDrive\ACM\OpenjudgeNow\vjudge\contestOld\422690\F - Irrational problem.cpp", "C++", 29, 0, 0, 0, 0, 0, 0, 0, 3, 32
"c:\Users\11146\OneDrive\ACM\OpenjudgeNow\vjudge\contestOld\422690\G - Energy exchange.cpp", "C++", 55, 0, 0, 0, 0, 0, 0, 0, 4, 59
"c:\Users\11146\OneDrive\ACM\OpenjudgeNow\vjudge\contestOld\422690\I - Triangle.cpp", "C++", 31, 0, 0, 0, 0, 0, 0, 0, 3, 34
"c:\Users\11146\OneDrive\ACM\OpenjudgeNow\vjudge\contestOld\422690\J - Codeforces World Finals.cpp", "C++", 33, 0, 0, 0, 0, 0, 0, 0, 3, 36
"c:\Users\11146\OneDrive\ACM\OpenjudgeNow\vjudge\contestOld\422690\K - Haiku.cpp", "C++", 54, 0, 0, 0, 0, 0, 0, 0, 3, 57
"c:\Users\11146\OneDrive\ACM\OpenjudgeNow\vjudge\contestOld\422690\M - Beaver Game.cpp", "C++", 22, 0, 0, 0, 0, 0, 0, 0, 3, 25
"c:\Users\11146\OneDrive\ACM\OpenjudgeNow\vjudge\contestOld\423545\A - Wireless Network.cpp", "C++", 77, 0, 0, 0, 0, 0, 0, 1, 4, 82
"c:\Users\11146\OneDrive\ACM\OpenjudgeNow\vjudge\contestOld\423545\B - The Suspects.cpp", "C++", 65, 0, 0, 0, 0, 0, 0, 1, 5, 71
"c:\Users\11146\OneDrive\ACM\OpenjudgeNow\vjudge\contestOld\423545\C - How Many Tables.cpp", "C++", 59, 0, 0, 0, 0, 0, 0, 0, 5, 64
"c:\Users\11146\OneDrive\ACM\OpenjudgeNow\vjudge\contestOld\423545\D - How Many Answers Are Wrong.cpp", "C++", 65, 0, 0, 0, 0, 0, 0, 0, 5, 70
"c:\Users\11146\OneDrive\ACM\OpenjudgeNow\vjudge\contestOld\423545\E - Rumor.cpp", "C++", 55, 0, 0, 0, 0, 0, 0, 0, 5, 60
"c:\Users\11146\OneDrive\ACM\OpenjudgeNow\vjudge\contestOld\423545\G - Supermarket.cpp", "C++", 70, 0, 0, 0, 0, 0, 0, 1, 6, 77
"c:\Users\11146\OneDrive\ACM\OpenjudgeNow\vjudge\contestOld\423545\J - A Bug's Life.cpp", "C++", 75, 0, 0, 0, 0, 0, 0, 0, 4, 79
"c:\Users\11146\OneDrive\ACM\OpenjudgeNow\vjudge\contestOld\423545\L - 畅通工程.cpp", "C++", 52, 0, 0, 0, 0, 0, 0, 0, 5, 57
"c:\Users\11146\OneDrive\ACM\OpenjudgeNow\vjudge\contestOld\423545\M - 小希的迷宫.cpp", "C++", 67, 0, 0, 0, 0, 0, 0, 1, 4, 72
"c:\Users\11146\OneDrive\ACM\OpenjudgeNow\vjudge\contestOld\423545\O - 分数调查.cpp", "C++", 62, 0, 0, 0, 0, 0, 0, 1, 5, 68
"c:\Users\11146\OneDrive\ACM\OpenjudgeNow\vjudge\contestOld\425698\A - A.cpp", "C++", 44, 0, 0, 0, 0, 0, 0, 0, 4, 48
"c:\Users\11146\OneDrive\ACM\OpenjudgeNow\vjudge\contestOld\425698\B - B.cpp", "C++", 37, 0, 0, 0, 0, 0, 0, 1, 4, 42
"c:\Users\11146\OneDrive\ACM\OpenjudgeNow\vjudge\contestOld\425698\C - C.cpp", "C++", 37, 0, 0, 0, 0, 0, 0, 1, 3, 41
"c:\Users\11146\OneDrive\ACM\OpenjudgeNow\vjudge\contestOld\425698\D - D.cpp", "C++", 48, 0, 0, 0, 0, 0, 0, 0, 4, 52
"c:\Users\11146\OneDrive\ACM\OpenjudgeNow\vjudge\contestOld\425698\E - E.cpp", "C++", 117, 0, 0, 0, 0, 0, 0, 0, 4, 121
"c:\Users\11146\OneDrive\ACM\OpenjudgeNow\vjudge\contestOld\425698\F - F.cpp", "C++", 55, 0, 0, 0, 0, 0, 0, 0, 5, 60
"c:\Users\11146\OneDrive\ACM\OpenjudgeNow\vjudge\contestOld\425698\G - G.cpp", "C++", 46, 0, 0, 0, 0, 0, 0, 0, 5, 51
"c:\Users\11146\OneDrive\ACM\OpenjudgeNow\vjudge\contestOld\425698\H - H.cpp", "C++", 165, 0, 0, 0, 0, 0, 0, 30, 6, 201
"c:\Users\11146\OneDrive\ACM\OpenjudgeNow\vjudge\contestOld\425798\A - 学长吃原神套餐没有拿到桶.cpp", "C++", 72, 0, 0, 0, 0, 0, 0, 0, 5, 77
"c:\Users\11146\OneDrive\ACM\OpenjudgeNow\vjudge\contestOld\425798\B - 希望你们a了这题来安慰他.cpp", "C++", 68, 0, 0, 0, 0, 0, 0, 0, 5, 73
"c:\Users\11146\OneDrive\ACM\OpenjudgeNow\vjudge\contestOld\425798\C - 他为啥店里吃不附赠桶呢.cpp", "C++", 72, 0, 0, 0, 0, 0, 0, 0, 6, 78
"c:\Users\11146\OneDrive\ACM\OpenjudgeNow\vjudge\contestOld\425798\D - 琴团长给了你这个题想让你a了它.cpp", "C++", 94, 0, 0, 0, 0, 0, 0, 0, 5, 99
"c:\Users\11146\OneDrive\ACM\OpenjudgeNow\vjudge\contestOld\425798\E - 可莉这么可爱还签不上到？.cpp", "C++", 33, 0, 0, 0, 0, 0, 0, 0, 4, 37
"c:\Users\11146\OneDrive\ACM\OpenjudgeNow\vjudge\contestOld\425798\F - 快来一起关爱刻晴吧.cpp", "C++", 46, 0, 0, 0, 0, 0, 0, 5, 4, 55
"c:\Users\11146\OneDrive\ACM\OpenjudgeNow\vjudge\contestOld\425798\G - 七七想请你帮个忙.cpp", "C++", 51, 0, 0, 0, 0, 0, 0, 1, 4, 56
"c:\Users\11146\OneDrive\ACM\OpenjudgeNow\vjudge\contestOld\425798\H - 胡桃这么可爱确定不来教教她吗.cpp", "C++", 65, 0, 0, 0, 0, 0, 0, 1, 6, 72
"c:\Users\11146\OneDrive\ACM\OpenjudgeNow\vjudge\contestOld\428543\A - Jungle Roads.cpp", "C++", 79, 0, 0, 0, 0, 0, 0, 0, 6, 85
"c:\Users\11146\OneDrive\ACM\OpenjudgeNow\vjudge\contestOld\428543\B - Networking.cpp", "C++", 71, 0, 0, 0, 0, 0, 0, 0, 6, 77
"c:\Users\11146\OneDrive\ACM\OpenjudgeNow\vjudge\contestOld\428543\C - Constructing Roads.cpp", "C++", 81, 0, 0, 0, 0, 0, 0, 0, 6, 87
"c:\Users\11146\OneDrive\ACM\OpenjudgeNow\vjudge\contestOld\428543\D - Out of Hay.cpp", "C++", 67, 0, 0, 0, 0, 0, 0, 0, 6, 73
"c:\Users\11146\OneDrive\ACM\OpenjudgeNow\vjudge\contestOld\428543\E - Truck History.cpp", "C++", 86, 0, 0, 0, 0, 0, 0, 0, 8, 94
"c:\Users\11146\OneDrive\ACM\OpenjudgeNow\vjudge\contestOld\428543\F - Arctic Network.cpp", "C++", 95, 0, 0, 0, 0, 0, 0, 1, 9, 105
"c:\Users\11146\OneDrive\ACM\OpenjudgeNow\vjudge\contestOld\428543\G - Highways.cpp", "C++", 90, 0, 0, 0, 0, 0, 0, 1, 7, 98
"c:\Users\11146\OneDrive\ACM\OpenjudgeNow\vjudge\contestOld\428543\H - Agri-Net.cpp", "C++", 76, 0, 0, 0, 0, 0, 0, 0, 7, 83
"c:\Users\11146\OneDrive\ACM\OpenjudgeNow\vjudge\contestOld\428543\I - Borg Maze.cpp", "C++", 132, 0, 0, 0, 0, 0, 0, 2, 7, 141
"c:\Users\11146\OneDrive\ACM\OpenjudgeNow\vjudge\contestOld\428543\J - The Unique MST.cpp", "C++", 129, 0, 0, 0, 0, 0, 0, 6, 10, 145
"c:\Users\11146\OneDrive\ACM\OpenjudgeNow\vjudge\contestOld\428543\K - Matrix.cpp", "C++", 93, 0, 0, 0, 0, 0, 0, 0, 8, 101
"c:\Users\11146\OneDrive\ACM\OpenjudgeNow\vjudge\contestOld\428543\L - Qin Shi Huang's National Road System.cpp", "C++", 170, 0, 0, 0, 0, 0, 0, 3, 11, 184
"c:\Users\11146\OneDrive\ACM\OpenjudgeNow\vjudge\contestOld\428543\M - 畅通工程再续.cpp", "C++", 98, 0, 0, 0, 0, 0, 0, 0, 9, 107
"c:\Users\11146\OneDrive\ACM\OpenjudgeNow\vjudge\contestOld\428543\N - 还是畅通工程.cpp", "C++", 73, 0, 0, 0, 0, 0, 0, 1, 5, 79
"c:\Users\11146\OneDrive\ACM\OpenjudgeNow\vjudge\contestOld\429780\A - A.cpp", "C++", 42, 0, 0, 0, 0, 0, 0, 1, 5, 48
"c:\Users\11146\OneDrive\ACM\OpenjudgeNow\vjudge\contestOld\429780\B - B.cpp", "C++", 75, 0, 0, 0, 0, 0, 0, 17, 5, 97
"c:\Users\11146\OneDrive\ACM\OpenjudgeNow\vjudge\contestOld\429780\C - C.cpp", "C++", 54, 0, 0, 0, 0, 0, 0, 0, 5, 59
"c:\Users\11146\OneDrive\ACM\OpenjudgeNow\vjudge\contestOld\429780\D - D.cpp", "C++", 53, 0, 0, 0, 0, 0, 0, 0, 5, 58
"c:\Users\11146\OneDrive\ACM\OpenjudgeNow\vjudge\contestOld\429780\E - E.cpp", "C++", 79, 0, 0, 0, 0, 0, 0, 1, 5, 85
"c:\Users\11146\OneDrive\ACM\OpenjudgeNow\vjudge\contestOld\429780\F - F.cpp", "C++", 81, 0, 0, 0, 0, 0, 0, 1, 5, 87
"c:\Users\11146\OneDrive\ACM\OpenjudgeNow\vjudge\contestOld\429780\G - G.cpp", "C++", 67, 0, 0, 0, 0, 0, 0, 7, 6, 80
"c:\Users\11146\OneDrive\ACM\OpenjudgeNow\vjudge\contestOld\429780\H - 签到BFS.cpp", "C++", 124, 0, 0, 0, 0, 0, 0, 2, 6, 132
"c:\Users\11146\OneDrive\ACM\OpenjudgeNow\vjudge\contestOld\431170\1.cpp", "C++", 44, 0, 0, 0, 0, 0, 0, 1, 5, 50
"c:\Users\11146\OneDrive\ACM\OpenjudgeNow\vjudge\contestOld\431170\A - 1、借问酒家何处有？牧童遥指杏花村。____杜牧《清明》.cpp", "C++", 56, 0, 0, 0, 0, 0, 0, 0, 5, 61
"c:\Users\11146\OneDrive\ACM\OpenjudgeNow\vjudge\contestOld\431170\B - 2、无花无酒过清明，兴味萧然似野僧。____王禹偁《清明》.cpp", "C++", 63, 0, 0, 0, 0, 0, 0, 38, 5, 106
"c:\Users\11146\OneDrive\ACM\OpenjudgeNow\vjudge\contestOld\431170\E - 7、清明又近也，却天涯为客。____曹组《忆少年・年时酒伴》.cpp", "C++", 26, 0, 0, 0, 0, 0, 0, 0, 3, 29
"c:\Users\11146\OneDrive\ACM\OpenjudgeNow\vjudge\contestOld\431170\c.cpp", "C++", 119, 0, 0, 0, 0, 0, 0, 0, 6, 125
"c:\Users\11146\OneDrive\ACM\OpenjudgeNow\vjudge\contestOld\431170\e.cpp", "C++", 105, 0, 0, 0, 0, 0, 0, 1, 5, 111
"c:\Users\11146\OneDrive\ACM\OpenjudgeNow\vjudge\contestOld\431170\g.cpp", "C++", 86, 0, 0, 0, 0, 0, 0, 0, 7, 93
"c:\Users\11146\OneDrive\ACM\OpenjudgeNow\vjudge\contestOld\431170\h.cpp", "C++", 47, 0, 0, 0, 0, 0, 0, 0, 4, 51
"c:\Users\11146\OneDrive\ACM\OpenjudgeNow\vjudge\contestOld\431170\i.cpp", "C++", 63, 0, 0, 0, 0, 0, 0, 1, 5, 69
"c:\Users\11146\OneDrive\ACM\OpenjudgeNow\vjudge\contestOld\431768\A - Til the Cows Come Home.cpp", "C++", 67, 0, 0, 0, 0, 0, 0, 0, 4, 71
"c:\Users\11146\OneDrive\ACM\OpenjudgeNow\vjudge\contestOld\431768\B - Frogger.cpp", "C++", 87, 0, 0, 0, 0, 0, 0, 1, 7, 95
"c:\Users\11146\OneDrive\ACM\OpenjudgeNow\vjudge\contestOld\431768\C - Heavy Transportation.cpp", "C++", 77, 0, 0, 0, 0, 0, 0, 1, 6, 84
"c:\Users\11146\OneDrive\ACM\OpenjudgeNow\vjudge\contestOld\431768\D - Silver Cow Party.cpp", "C++", 109, 0, 0, 0, 0, 0, 0, 0, 6, 115
"c:\Users\11146\OneDrive\ACM\OpenjudgeNow\vjudge\contestOld\431768\E - Currency Exchange.cpp", "C++", 78, 0, 0, 0, 0, 0, 0, 1, 4, 83
"c:\Users\11146\OneDrive\ACM\OpenjudgeNow\vjudge\contestOld\431768\F - Wormholes.cpp", "C++", 92, 0, 0, 0, 0, 0, 0, 2, 6, 100
"c:\Users\11146\OneDrive\ACM\OpenjudgeNow\vjudge\contestOld\431768\G - MPI Maelstrom.cpp", "C++", 85, 0, 0, 0, 0, 0, 0, 1, 6, 92
"c:\Users\11146\OneDrive\ACM\OpenjudgeNow\vjudge\contestOld\431768\H - Cow Contest.cpp", "C++", 60, 0, 0, 0, 0, 0, 0, 0, 6, 66
"c:\Users\11146\OneDrive\ACM\OpenjudgeNow\vjudge\contestOld\431768\I - Arbitrage.cpp", "C++", 95, 0, 0, 0, 0, 0, 0, 2, 6, 103
"c:\Users\11146\OneDrive\ACM\OpenjudgeNow\vjudge\contestOld\431768\J - Invitation Cards.cpp", "C++", 114, 0, 0, 0, 0, 0, 0, 4, 7, 125
"c:\Users\11146\OneDrive\ACM\OpenjudgeNow\vjudge\contestOld\431768\K - Candies.cpp", "C++", 107, 0, 0, 0, 0, 0, 0, 5, 11, 123
"c:\Users\11146\OneDrive\ACM\OpenjudgeNow\vjudge\contestOld\431768\L - Subway.cpp", "C++", 108, 0, 0, 0, 0, 0, 0, 0, 5, 113
"c:\Users\11146\OneDrive\ACM\OpenjudgeNow\vjudge\contestOld\431768\M - 昂贵的聘礼.cpp", "C++", 112, 0, 0, 0, 0, 0, 0, 7, 7, 126
"c:\Users\11146\OneDrive\ACM\OpenjudgeNow\vjudge\contestOld\431768\N - Tram.cpp", "C++", 62, 0, 0, 0, 0, 0, 0, 1, 6, 69
"c:\Users\11146\OneDrive\ACM\OpenjudgeNow\vjudge\contestOld\431768\O - Extended Traffic.cpp", "C++", 98, 0, 0, 0, 0, 0, 0, 7, 6, 111
"c:\Users\11146\OneDrive\ACM\OpenjudgeNow\vjudge\contestOld\431768\P - The Shortest Path in Nya Graph.cpp", "C++", 110, 0, 0, 0, 0, 0, 0, 16, 10, 136
"c:\Users\11146\OneDrive\ACM\OpenjudgeNow\vjudge\contestOld\431768\Q - 0 or 1.cpp", "C++", 26, 0, 0, 0, 0, 0, 0, 0, 3, 29
"c:\Users\11146\OneDrive\ACM\OpenjudgeNow\vjudge\contestOld\431768\S - Layout.cpp", "C++", 93, 0, 0, 0, 0, 0, 0, 0, 7, 100
"c:\Users\11146\OneDrive\ACM\OpenjudgeNow\vjudge\contestOld\432504\B - 人头一拿就浪.cpp", "C++", 63, 0, 0, 0, 0, 0, 0, 1, 7, 71
"c:\Users\11146\OneDrive\ACM\OpenjudgeNow\vjudge\contestOld\432504\C - 想欣赏妾身的舞姿嘛.cpp", "C++", 46, 0, 0, 0, 0, 0, 0, 12, 4, 62
"c:\Users\11146\OneDrive\ACM\OpenjudgeNow\vjudge\contestOld\432504\E - 爆裂吧，现实！粉碎吧，精神！Banishiment this world.cpp", "C++", 49, 0, 0, 0, 0, 0, 0, 0, 4, 53
"c:\Users\11146\OneDrive\ACM\OpenjudgeNow\vjudge\contestOld\432504\F - 破碎吧现实，崩裂吧精神，放逐这个世界！.cpp", "C++", 57, 0, 0, 0, 0, 0, 0, 3, 5, 65
"c:\Users\11146\OneDrive\ACM\OpenjudgeNow\vjudge\contestOld\432504\G - 天长地久 我只会注视着你一个人.cpp", "C++", 35, 0, 0, 0, 0, 0, 0, 0, 4, 39
"c:\Users\11146\OneDrive\ACM\OpenjudgeNow\vjudge\contestOld\432504\H - 分别的话从嘴里说出来的话，就要分别了；只要不说出分别就不会分别，那就是世.cpp", "C++", 70, 0, 0, 0, 0, 0, 0, 1, 5, 76
"c:\Users\11146\OneDrive\ACM\OpenjudgeNow\vjudge\contestOld\432504\I - 吾乃黑暗的堕天圣，臣服吧，愚蠢的人类！.cpp", "C++", 26, 0, 0, 0, 0, 0, 0, 0, 3, 29
"c:\Users\11146\OneDrive\ACM\OpenjudgeNow\vjudge\contestOld\432504\K - 真男人必须要有强健的肌肉身体和精神.cpp", "C++", 107, 0, 0, 0, 0, 0, 0, 4, 7, 118
"c:\Users\11146\OneDrive\ACM\OpenjudgeNow\vjudge\contestOld\432504\l.cpp", "C++", 162, 0, 0, 0, 0, 0, 0, 3, 13, 178
"c:\Users\11146\OneDrive\ACM\OpenjudgeNow\vjudge\contestOld\433910\B - 尝到失败的滋味了么我想你会习惯.cpp", "C++", 26, 0, 0, 0, 0, 0, 0, 0, 3, 29
"c:\Users\11146\OneDrive\ACM\OpenjudgeNow\vjudge\contestOld\433910\C - 只有蠢货才会犹豫不决。.cpp", "C++", 69, 0, 0, 0, 0, 0, 0, 2, 5, 76
"c:\Users\11146\OneDrive\ACM\OpenjudgeNow\vjudge\contestOld\433910\D - 我曾看见过你的死亡。当时的你死得惨不忍睹!.cpp", "C++", 117, 0, 0, 0, 0, 0, 0, 6, 6, 129
"c:\Users\11146\OneDrive\ACM\OpenjudgeNow\vjudge\contestOld\433910\E - 想攻击我，先试试和影子玩拳击吧.cpp", "C++", 45, 0, 0, 0, 0, 0, 0, 0, 4, 49
"c:\Users\11146\OneDrive\ACM\OpenjudgeNow\vjudge\contestOld\433910\G - 若是世界将我的至美无情剥夺，毁灭便是它理所应当的结局。.cpp", "C++", 98, 0, 0, 0, 0, 0, 0, 0, 6, 104
"c:\Users\11146\OneDrive\ACM\OpenjudgeNow\vjudge\contestOld\433910\H - 如果你要来杀我 希望你把朋友们也带上.cpp", "C++", 1059, 0, 0, 0, 0, 0, 0, 13, 5, 1077
"c:\Users\11146\OneDrive\ACM\OpenjudgeNow\vjudge\contestOld\433910\I - 我去前面探探路.cpp", "C++", 47, 0, 0, 0, 0, 0, 0, 1, 4, 52
"c:\Users\11146\OneDrive\ACM\OpenjudgeNow\vjudge\contestOld\433910\J - 说大话很容易，尤其是满口的牙齿都还在的时候。.cpp", "C++", 68, 0, 0, 0, 0, 0, 0, 7, 5, 80
"c:\Users\11146\OneDrive\ACM\OpenjudgeNow\vjudge\contestOld\433910\K - 你想杀我就穿这套.cpp", "C++", 61, 0, 0, 0, 0, 0, 0, 0, 5, 66
"c:\Users\11146\OneDrive\ACM\OpenjudgeNow\vjudge\contestOld\433910\L - 我爱敌人就和爱炸弹一样，因为他们都快要爆炸啦!.cpp", "C++", 79, 0, 0, 0, 0, 0, 0, 0, 5, 84
"c:\Users\11146\OneDrive\ACM\OpenjudgeNow\vjudge\contestOld\434117\A - 模板题.cpp", "C++", 98, 0, 0, 0, 0, 0, 0, 1, 8, 107
"c:\Users\11146\OneDrive\ACM\OpenjudgeNow\vjudge\contestOld\434117\B - 再次模板题.cpp", "C++", 118, 0, 0, 0, 0, 0, 0, 1, 9, 128
"c:\Users\11146\OneDrive\ACM\OpenjudgeNow\vjudge\contestOld\434117\C - 思维题.cpp", "C++", 108, 0, 0, 0, 0, 0, 0, 5, 5, 118
"c:\Users\11146\OneDrive\ACM\OpenjudgeNow\vjudge\contestOld\434117\F - Distance Queries.cpp", "C++", 111, 0, 0, 0, 0, 0, 0, 6, 11, 128
"c:\Users\11146\OneDrive\ACM\OpenjudgeNow\vjudge\contestOld\434117\H - Nearest Common Ancestors.cpp", "C++", 94, 0, 0, 0, 0, 0, 0, 18, 8, 120
"c:\Users\11146\OneDrive\ACM\OpenjudgeNow\vjudge\contestOld\434117\I - Closest Common Ancestors.cpp", "C++", 109, 0, 0, 0, 0, 0, 0, 7, 8, 124
"c:\Users\11146\OneDrive\ACM\OpenjudgeNow\vjudge\contestOld\435131\A - Jam's balance-.cpp", "C++", 59, 0, 0, 0, 0, 0, 0, 0, 4, 63
"c:\Users\11146\OneDrive\ACM\OpenjudgeNow\vjudge\contestOld\435131\A - Jam's balance.cpp", "C++", 59, 0, 0, 0, 0, 0, 0, 0, 4, 63
"c:\Users\11146\OneDrive\ACM\OpenjudgeNow\vjudge\contestOld\435131\C - 权利指数.cpp", "C++", 59, 0, 0, 0, 0, 0, 0, 1, 5, 65
"c:\Users\11146\OneDrive\ACM\OpenjudgeNow\vjudge\contestOld\435131\D - AGAGA XOOORRR.cpp", "C++", 62, 0, 0, 0, 0, 0, 0, 4, 6, 72
"c:\Users\11146\OneDrive\ACM\OpenjudgeNow\vjudge\contestOld\435131\E - The Number of set.cpp", "C++", 57, 0, 0, 0, 0, 0, 0, 0, 6, 63
"c:\Users\11146\OneDrive\ACM\OpenjudgeNow\vjudge\contestOld\435131\F - 最大的位或.cpp", "C++", 41, 0, 0, 0, 0, 0, 0, 13, 5, 59
"c:\Users\11146\OneDrive\ACM\OpenjudgeNow\vjudge\contestOld\437783\A - A Simple Problem with Integers.cpp", "C++", 120, 0, 0, 0, 0, 0, 0, 1, 12, 133
"c:\Users\11146\OneDrive\ACM\OpenjudgeNow\vjudge\contestOld\437783\D - 敌兵布阵.cpp", "C++", 132, 0, 0, 0, 0, 0, 0, 0, 12, 144
"c:\Users\11146\OneDrive\ACM\OpenjudgeNow\vjudge\contestOld\437783\E - I Hate It.cpp", "C++", 122, 0, 0, 0, 0, 0, 0, 10, 12, 144
"c:\Users\11146\OneDrive\ACM\OpenjudgeNow\vjudge\contestOld\437783\F - Just a Hook.cpp", "C++", 115, 0, 0, 0, 0, 0, 0, 2, 12, 129
"c:\Users\11146\OneDrive\ACM\OpenjudgeNow\vjudge\contestOld\437783\G - Can you answer these queries.cpp", "C++", 106, 0, 0, 0, 0, 0, 0, 7, 10, 123
"c:\Users\11146\OneDrive\ACM\OpenjudgeNow\vjudge\contestOld\438882\A - A.cpp", "C++", 113, 0, 0, 0, 0, 0, 0, 20, 10, 143
"c:\Users\11146\OneDrive\ACM\OpenjudgeNow\vjudge\contestOld\438882\B - B.cpp", "C++", 115, 0, 0, 0, 0, 0, 0, 5, 4, 124
"c:\Users\11146\OneDrive\ACM\OpenjudgeNow\vjudge\contestOld\438882\C - C.cpp", "C++", 57, 0, 0, 0, 0, 0, 0, 0, 4, 61
"c:\Users\11146\OneDrive\ACM\OpenjudgeNow\vjudge\contestOld\440782\A.cpp", "C++", 51, 0, 0, 0, 0, 0, 0, 0, 5, 56
"c:\Users\11146\OneDrive\ACM\OpenjudgeNow\vjudge\contestOld\440782\B.cpp", "C++", 68, 0, 0, 0, 0, 0, 0, 12, 6, 86
"c:\Users\11146\OneDrive\ACM\OpenjudgeNow\vjudge\contestOld\440782\D.cpp", "C++", 63, 0, 0, 0, 0, 0, 0, 16, 7, 86
"c:\Users\11146\OneDrive\ACM\OpenjudgeNow\vjudge\contestOld\440782\G.cpp", "C++", 1, 0, 0, 0, 0, 0, 0, 0, 0, 1
"c:\Users\11146\OneDrive\ACM\OpenjudgeNow\vjudge\contestOld\440782\I.cpp", "C++", 61, 0, 0, 0, 0, 0, 0, 1, 5, 67
"c:\Users\11146\OneDrive\ACM\OpenjudgeNow\vjudge\contestOld\440782\J.cpp", "C++", 54, 0, 0, 0, 0, 0, 0, 0, 4, 58
"c:\Users\11146\OneDrive\ACM\OpenjudgeNow\vjudge\contestOld\441340\A - Raising Modulo Numbers.cpp", "C++", 61, 0, 0, 0, 0, 0, 0, 0, 6, 67
"c:\Users\11146\OneDrive\ACM\OpenjudgeNow\vjudge\contestOld\441340\B - Pseudoprime numbers.cpp", "C++", 61, 0, 0, 0, 0, 0, 0, 0, 6, 67
"c:\Users\11146\OneDrive\ACM\OpenjudgeNow\vjudge\contestOld\441340\C - Rightmost Digit.cpp", "C++", 52, 0, 0, 0, 0, 0, 0, 0, 5, 57
"c:\Users\11146\OneDrive\ACM\OpenjudgeNow\vjudge\contestOld\441340\D - Key Set.cpp", "C++", 51, 0, 0, 0, 0, 0, 0, 0, 5, 56
"c:\Users\11146\OneDrive\ACM\OpenjudgeNow\vjudge\contestOld\441340\E - 人见人爱AB.cpp", "C++", 51, 0, 0, 0, 0, 0, 0, 0, 5, 56
"c:\Users\11146\OneDrive\ACM\OpenjudgeNow\vjudge\contestOld\441340\F - Carmichael Numbers.cpp", "C++", 70, 0, 0, 0, 0, 0, 0, 0, 6, 76
"c:\Users\11146\OneDrive\ACM\OpenjudgeNow\vjudge\contestOld\441340\G - G.cpp", "C++", 177, 0, 0, 0, 0, 0, 0, 52, 10, 239
"c:\Users\11146\OneDrive\ACM\OpenjudgeNow\vjudge\contestOld\441340\G - Shortest Prefixes.cpp", "C++", 64, 0, 0, 0, 0, 0, 0, 1, 5, 70
"c:\Users\11146\OneDrive\ACM\OpenjudgeNow\vjudge\contestOld\441340\H - zhx's contest.cpp", "C++", 71, 0, 0, 0, 0, 0, 0, 0, 6, 77
"c:\Users\11146\OneDrive\ACM\OpenjudgeNow\vjudge\contestOld\441340\I - TV Subscriptions (Easy Version).cpp", "C++", 50, 0, 0, 0, 0, 0, 0, 0, 5, 55
"c:\Users\11146\OneDrive\ACM\OpenjudgeNow\vjudge\contestOld\441340\J - Cinema.cpp", "C++", 65, 0, 0, 0, 0, 0, 0, 0, 7, 72
"c:\Users\11146\OneDrive\ACM\OpenjudgeNow\vjudge\contestOld\441340\K - Molly's Chemicals.cpp", "C++", 71, 0, 0, 0, 0, 0, 0, 5, 5, 81
"c:\Users\11146\OneDrive\ACM\OpenjudgeNow\vjudge\contestOld\441340\L - Deadline.cpp", "C++", 41, 0, 0, 0, 0, 0, 0, 15, 4, 60
"c:\Users\11146\OneDrive\ACM\OpenjudgeNow\vjudge\contestOld\441340\M - From S To T.cpp", "C++", 60, 0, 0, 0, 0, 0, 0, 2, 5, 67
"c:\Users\11146\OneDrive\ACM\OpenjudgeNow\vjudge\contestOld\446408\I - 4 Values whose Sum is 0.cpp", "C++", 53, 0, 0, 0, 0, 0, 0, 2, 4, 59
"c:\Users\11146\OneDrive\ACM\OpenjudgeNow\vjudge\contestOld\446408\J - A Dinner with Schwarzenegger!!!.cpp", "C++", 45, 0, 0, 0, 0, 0, 0, 0, 4, 49
"c:\Users\11146\OneDrive\ACM\OpenjudgeNow\vjudge\contestOld\446408\M - Bridges.cpp", "C++", 29, 0, 0, 0, 0, 0, 0, 0, 4, 33
"c:\Users\11146\OneDrive\ACM\OpenjudgeNow\vjudge\contestOld\446433\A - Minimum Inversion Number.cpp", "C++", 91, 0, 0, 0, 0, 0, 0, 0, 9, 100
"c:\Users\11146\OneDrive\ACM\OpenjudgeNow\vjudge\contestOld\446433\B - Petya and Array.cpp", "C++", 33, 0, 0, 0, 0, 0, 0, 0, 5, 38
"c:\Users\11146\OneDrive\ACM\OpenjudgeNow\vjudge\contestOld\446433\I - Single Push.cpp", "C++", 68, 0, 0, 0, 0, 0, 0, 0, 5, 73
"c:\Users\11146\OneDrive\ACM\OpenjudgeNow\vjudge\contestOld\446433\L - Yet Another Broken Keyboard.cpp", "C++", 53, 0, 0, 0, 0, 0, 0, 0, 4, 57
"c:\Users\11146\OneDrive\ACM\OpenjudgeOld\HDU\1026Ignatius and the Princess I.cpp", "C++", 144, 0, 0, 0, 0, 0, 0, 10, 7, 161
"c:\Users\11146\OneDrive\ACM\OpenjudgeOld\HDU\1180诡异的楼梯.cpp", "C++", 171, 0, 0, 0, 0, 0, 0, 1, 8, 180
"c:\Users\11146\OneDrive\ACM\OpenjudgeOld\HDU\1180诡异的楼梯rebuild.cpp", "C++", 108, 0, 0, 0, 0, 0, 0, 0, 2, 110
"c:\Users\11146\OneDrive\ACM\OpenjudgeOld\HDU\1241Oil Deposits.cpp", "C++", 63, 0, 0, 0, 0, 0, 0, 0, 4, 67
"c:\Users\11146\OneDrive\ACM\OpenjudgeOld\HDU\1312Red and Black.cpp", "C++", 63, 0, 0, 0, 0, 0, 0, 0, 3, 66
"c:\Users\11146\OneDrive\ACM\OpenjudgeOld\HDU\1716排列2.cpp", "C++", 64, 0, 0, 0, 0, 0, 0, 0, 7, 71
"c:\Users\11146\OneDrive\ACM\OpenjudgeOld\HDU\2553N皇后问题.cpp", "C++", 50, 0, 0, 0, 0, 0, 0, 1, 4, 55
"c:\Users\11146\OneDrive\ACM\OpenjudgeOld\HDU\2717Catch That Cow.cpp", "C++", 59, 0, 0, 0, 0, 0, 0, 0, 3, 62
"c:\Users\11146\OneDrive\ACM\OpenjudgeOld\HDU\6981.Rise in Price.cpp", "C++", 91, 0, 0, 0, 0, 0, 0, 3, 6, 100
"c:\Users\11146\OneDrive\ACM\OpenjudgeOld\HDU\Untitled-1.cpp", "C++", 20, 0, 0, 0, 0, 0, 0, 0, 3, 23
"c:\Users\11146\OneDrive\ACM\OpenjudgeOld\PAT\1091 N-自守数 (15分).cpp", "C++", 40, 0, 0, 0, 0, 0, 0, 1, 4, 45
"c:\Users\11146\OneDrive\ACM\OpenjudgeOld\PAT\1092 最好吃的月饼 (20分).cpp", "C++", 40, 0, 0, 0, 0, 0, 0, 0, 5, 45
"c:\Users\11146\OneDrive\ACM\OpenjudgeOld\PAT\1093 字符串A+B (20分).cpp", "C++", 24, 0, 0, 0, 0, 0, 0, 0, 3, 27
"c:\Users\11146\OneDrive\ACM\OpenjudgeOld\PAT\1094 谷歌的招聘 (20分).cpp", "C++", 37, 0, 0, 0, 0, 0, 0, 0, 4, 41
"c:\Users\11146\OneDrive\ACM\OpenjudgeOld\PAT\1095 解码PAT准考证 (25分).cpp", "C++", 141, 0, 0, 0, 0, 0, 0, 1, 9, 151
"c:\Users\11146\OneDrive\ACM\OpenjudgeOld\POJ\2010Moo University - Financial Aid.cpp", "C++", 86, 0, 0, 0, 0, 0, 0, 14, 7, 107
"c:\Users\11146\OneDrive\ACM\OpenjudgeOld\POJ\2976Dropping tests.cpp", "C++", 58, 0, 0, 0, 0, 0, 0, 1, 5, 64
"c:\Users\11146\OneDrive\ACM\OpenjudgeOld\POJ\3045Cow Acrobats.cpp", "C++", 51, 0, 0, 0, 0, 0, 0, 0, 5, 56
"c:\Users\11146\OneDrive\ACM\OpenjudgeOld\POJ\3104Drying.cpp", "C++", 56, 0, 0, 0, 0, 0, 0, 0, 4, 60
"c:\Users\11146\OneDrive\ACM\OpenjudgeOld\POJ\3111K Best.cpp", "C++", 65, 0, 0, 0, 0, 0, 0, 0, 5, 70
"c:\Users\11146\OneDrive\ACM\OpenjudgeOld\POJ\3258River Hopscotch.cpp", "C++", 39, 0, 0, 0, 0, 0, 0, 0, 3, 42
"c:\Users\11146\OneDrive\ACM\OpenjudgeOld\POJ\3273Monthly Expense.cpp", "C++", 52, 0, 0, 0, 0, 0, 0, 3, 4, 59
"c:\Users\11146\OneDrive\ACM\OpenjudgeOld\POJ\3579Median.cpp", "C++", 46, 0, 0, 0, 0, 0, 0, 3, 5, 54
"c:\Users\11146\OneDrive\ACM\OpenjudgeOld\POJ\3662Telephone Lines.cpp", "C++", 106, 0, 0, 0, 0, 0, 0, 8, 5, 119
"c:\Users\11146\OneDrive\ACM\OpenjudgeOld\POJ\3685Matrix.cpp", "C++", 57, 0, 0, 0, 0, 0, 0, 1, 6, 64
"c:\Users\11146\OneDrive\ACM\OpenjudgeOld\UVA\UVA1583 生成元 Digit Generator.cpp", "C++", 30, 0, 0, 0, 0, 0, 0, 0, 3, 33
"c:\Users\11146\OneDrive\ACM\OpenjudgeOld\UVA\UVA1584 环状序列 Circular Sequence.cpp", "C++", 27, 0, 0, 0, 0, 0, 0, 1, 4, 32
"c:\Users\11146\OneDrive\ACM\OpenjudgeOld\UVA\UVA1586 分子量 Molar mass.cpp", "C++", 48, 0, 0, 0, 0, 0, 0, 9, 5, 62
"c:\Users\11146\OneDrive\ACM\OpenjudgeOld\UVA\UVA340 猜数字游戏的提示 Master-Mind Hints.cpp", "C++", 53, 0, 0, 0, 0, 0, 0, 0, 3, 56
"c:\Users\11146\OneDrive\ACM\OpenjudgeOld\ZZULIOJ\temp\2713 二元组.cpp", "C++", 20, 0, 0, 0, 0, 0, 0, 0, 3, 23
"c:\Users\11146\OneDrive\ACM\OpenjudgeOld\ZZULIOJ\temp\Untitled1.cpp", "C++", 121, 0, 0, 0, 0, 0, 0, 3, 5, 129
"c:\Users\11146\OneDrive\ACM\OpenjudgeOld\ZZULIOJ\temp\Untitled11.cpp", "C++", 57, 0, 0, 0, 0, 0, 0, 0, 5, 62
"c:\Users\11146\OneDrive\ACM\OpenjudgeOld\ZZULIOJ\temp\acm可好玩了.cpp", "C++", 23, 0, 0, 0, 0, 0, 0, 0, 5, 28
"c:\Users\11146\OneDrive\ACM\OpenjudgeOld\ZZULIOJ\temp\一个餐厅.cpp", "C++", 32, 0, 0, 0, 0, 0, 0, 0, 5, 37
"c:\Users\11146\OneDrive\ACM\OpenjudgeOld\ZZULIOJ\temp\今夕何夕.cpp", "C++", 59, 0, 0, 0, 0, 0, 0, 0, 7, 66
"c:\Users\11146\OneDrive\ACM\OpenjudgeOld\ZZULIOJ\temp\大象喝水.cpp", "C++", 16, 0, 0, 0, 0, 0, 0, 1, 4, 21
"c:\Users\11146\OneDrive\ACM\OpenjudgeOld\ZZULIOJ\temp\学长自救计划.cpp", "C++", 31, 0, 0, 0, 0, 0, 0, 0, 5, 36
"c:\Users\11146\OneDrive\ACM\OpenjudgeOld\ZZULIOJ\temp\小H的面试难题.cpp", "C++", 44, 0, 0, 0, 0, 0, 0, 0, 4, 48
"c:\Users\11146\OneDrive\ACM\OpenjudgeOld\ZZULIOJ\temp\年龄判断.cpp", "C++", 16, 0, 0, 0, 0, 0, 0, 0, 3, 19
"c:\Users\11146\OneDrive\ACM\OpenjudgeOld\ZZULIOJ\temp\并联电阻.cpp", "C++", 12, 0, 0, 0, 0, 0, 0, 0, 3, 15
"c:\Users\11146\OneDrive\ACM\OpenjudgeOld\ZZULIOJ\temp\最大的差.cpp", "C++", 22, 0, 0, 0, 0, 0, 0, 0, 4, 26
"c:\Users\11146\OneDrive\ACM\OpenjudgeOld\ZZULIOJ\temp\花海.cpp", "C++", 52, 0, 0, 0, 0, 0, 0, 1, 5, 58
"c:\Users\11146\OneDrive\ACM\OpenjudgeOld\ZZULIOJ\郑州轻工业大学2020级新生程序设计大赛暨省内高校邀请赛\7-1 小A与泉水.cpp", "C++", 78, 0, 0, 0, 0, 0, 0, 33, 9, 120
"c:\Users\11146\OneDrive\ACM\OpenjudgeOld\ZZULIOJ\郑州轻工业大学2020级新生程序设计大赛暨省内高校邀请赛\7-10 魔法药水.cpp", "C++", 77, 0, 0, 0, 0, 0, 0, 2, 4, 83
"c:\Users\11146\OneDrive\ACM\OpenjudgeOld\ZZULIOJ\郑州轻工业大学2020级新生程序设计大赛暨省内高校邀请赛\7-2 小A的魔法.cpp", "C++", 50, 0, 0, 0, 0, 0, 0, 7, 4, 61
"c:\Users\11146\OneDrive\ACM\OpenjudgeOld\ZZULIOJ\郑州轻工业大学2020级新生程序设计大赛暨省内高校邀请赛\7-3 小A的宝藏.cpp", "C++", 78, 0, 0, 0, 0, 0, 0, 8, 4, 90
"c:\Users\11146\OneDrive\ACM\OpenjudgeOld\ZZULIOJ\郑州轻工业大学2020级新生程序设计大赛暨省内高校邀请赛\7-4 靶场射击2.0.cpp", "C++", 43, 0, 0, 0, 0, 0, 0, 1, 4, 48
"c:\Users\11146\OneDrive\ACM\OpenjudgeOld\ZZULIOJ\郑州轻工业大学2020级新生程序设计大赛暨省内高校邀请赛\7-5 这是一道数学题.cpp", "C++", 68, 0, 0, 0, 0, 0, 0, 1, 5, 74
"c:\Users\11146\OneDrive\ACM\OpenjudgeOld\ZZULIOJ\郑州轻工业大学2020级新生程序设计大赛暨省内高校邀请赛\7-6 代码格式化.cpp", "C++", 74, 0, 0, 0, 0, 0, 0, 1, 4, 79
"c:\Users\11146\OneDrive\ACM\OpenjudgeOld\ZZULIOJ\郑州轻工业大学2020级新生程序设计大赛暨省内高校邀请赛\7-7 贪心的小H.cpp", "C++", 53, 0, 0, 0, 0, 0, 0, 0, 4, 57
"c:\Users\11146\OneDrive\ACM\OpenjudgeOld\ZZULIOJ\郑州轻工业大学2020级新生程序设计大赛暨省内高校邀请赛\7-8 #define int long long.cpp", "C++", 27, 0, 0, 0, 0, 0, 0, 0, 3, 30
"c:\Users\11146\OneDrive\ACM\OpenjudgeOld\ZZULIOJ\郑州轻工业大学2020级新生程序设计大赛暨省内高校邀请赛\7-9 小A的魔力.cpp", "C++", 40, 0, 0, 0, 0, 0, 0, 0, 4, 44
"c:\Users\11146\OneDrive\ACM\OpenjudgeOld\ZZULIOJ\郑州轻工业大学2020级新生程序设计大赛暨省内高校邀请赛\Untitled-1.cpp", "C++", 32, 0, 0, 0, 0, 0, 0, 0, 4, 36
"c:\Users\11146\OneDrive\ACM\OpenjudgeOld\fuquan\E. 烤串哪有打acm好玩.cpp", "C++", 22, 0, 0, 0, 0, 0, 0, 1, 3, 26
"c:\Users\11146\OneDrive\ACM\OpenjudgeOld\fuquan\G. 快乐的串串.cpp", "C++", 58, 0, 0, 0, 0, 0, 0, 1, 4, 63
"c:\Users\11146\OneDrive\ACM\OpenjudgeOld\fuquan\J. String Game.cpp", "C++", 19, 0, 0, 0, 0, 0, 0, 0, 2, 21
"c:\Users\11146\OneDrive\ACM\OpenjudgeOld\lanqiao\PREV-67 字串排序.cpp", "C++", 26, 0, 0, 0, 0, 0, 0, 0, 3, 29
"c:\Users\11146\OneDrive\ACM\OpenjudgeOld\lanqiao\[蓝桥杯2019初赛]RSA解密.cpp", "C++", 26, 0, 0, 0, 0, 0, 0, 30, 3, 59
"c:\Users\11146\OneDrive\ACM\OpenjudgeOld\lanqiao\[蓝桥杯2019初赛]修改数组.cpp", "C++", 44, 0, 0, 0, 0, 0, 0, 0, 4, 48
"c:\Users\11146\OneDrive\ACM\OpenjudgeOld\lanqiao\[蓝桥杯2019初赛]外卖店优先级.cpp", "C++", 69, 0, 0, 0, 0, 0, 0, 0, 3, 72
"c:\Users\11146\OneDrive\ACM\OpenjudgeOld\lanqiao\[蓝桥杯2019初赛]完全二叉树的权值.cpp", "C++", 70, 0, 0, 0, 0, 0, 0, 0, 4, 74
"c:\Users\11146\OneDrive\ACM\OpenjudgeOld\lanqiao\[蓝桥杯2019初赛]平方和.cpp", "C++", 44, 0, 0, 0, 0, 0, 0, 0, 4, 48
"c:\Users\11146\OneDrive\ACM\OpenjudgeOld\lanqiao\[蓝桥杯2019初赛]数列求值.cpp", "C++", 37, 0, 0, 0, 0, 0, 0, 0, 2, 39
"c:\Users\11146\OneDrive\ACM\OpenjudgeOld\lanqiao\[蓝桥杯2019初赛]最大降雨量.cpp", "C++", 42, 0, 0, 0, 0, 0, 0, 6, 4, 52
"c:\Users\11146\OneDrive\ACM\OpenjudgeOld\lanqiao\[蓝桥杯2019初赛]糖果.cpp", "C++", 1, 0, 0, 0, 0, 0, 0, 0, 0, 1
"c:\Users\11146\OneDrive\ACM\OpenjudgeOld\lanqiao\[蓝桥杯2019初赛]迷宫.cpp", "C++", 31, 0, 0, 0, 0, 0, 0, 51, 4, 86
"c:\Users\11146\OneDrive\ACM\OpenjudgeOld\nuoyanli\#134. C语言训练--字符出现的位置.cpp", "C++", 24, 0, 0, 0, 0, 0, 0, 0, 3, 27
"c:\Users\11146\OneDrive\ACM\OpenjudgeOld\nuoyanli\#156. 3n+1问题.cpp", "C++", 35, 0, 0, 0, 0, 0, 0, 0, 5, 40
"c:\Users\11146\OneDrive\ACM\OpenjudgeOld\nuoyanli\#191. [语言题]中国身份证号码校验.cpp", "C++", 47, 0, 0, 0, 0, 0, 0, 0, 6, 53
"c:\Users\11146\OneDrive\ACM\OpenjudgeOld\nuoyanli\#194. 会场安排.cpp", "C++", 55, 0, 0, 0, 0, 0, 0, 1, 7, 63
"c:\Users\11146\OneDrive\ACM\OpenjudgeOld\nuoyanli\147.cpp", "C++", 32, 0, 0, 0, 0, 0, 0, 0, 5, 37
"c:\Users\11146\OneDrive\ACM\OpenjudgeOld\nuoyanli\F.仓鼠的完美算术教室.cpp", "C++", 0, 0, 0, 0, 0, 0, 0, 0, 1, 1
"c:\Users\11146\OneDrive\ACM\OpenjudgeOld\nuoyanli\H.仓鼠与塔防.cpp", "C++", 0, 0, 0, 0, 0, 0, 0, 0, 1, 1
"c:\Users\11146\OneDrive\ACM\OpenjudgeOld\nuoyanli\Hello World!.cpp", "C++", 26, 0, 0, 0, 0, 0, 0, 0, 4, 30
"c:\Users\11146\OneDrive\ACM\OpenjudgeOld\nuoyanli\Let‘s play computer game.cpp", "C++", 64, 0, 0, 0, 0, 0, 0, 30, 3, 97
"c:\Users\11146\OneDrive\ACM\OpenjudgeOld\nuoyanli\NO GAME NO LIFE.cpp", "C++", 76, 0, 0, 0, 0, 0, 0, 3, 4, 83
"c:\Users\11146\OneDrive\ACM\OpenjudgeOld\nuoyanli\P1106 删数问题.cpp", "C++", 26, 0, 0, 0, 0, 0, 0, 0, 6, 32
"c:\Users\11146\OneDrive\ACM\OpenjudgeOld\nuoyanli\P1160 队列安排.cpp", "C++", 53, 0, 0, 0, 0, 0, 0, 3, 4, 60
"c:\Users\11146\OneDrive\ACM\OpenjudgeOld\nuoyanli\P1449 后缀表达式.cpp", "C++", 68, 0, 0, 0, 0, 0, 0, 1, 3, 72
"c:\Users\11146\OneDrive\ACM\OpenjudgeOld\nuoyanli\P1591 阶乘数码.cpp", "C++", 79, 0, 0, 0, 0, 0, 0, 0, 7, 86
"c:\Users\11146\OneDrive\ACM\OpenjudgeOld\nuoyanli\P1596 [USACO10OCT]Lake Counting S.cpp", "C++", 50, 0, 0, 0, 0, 0, 0, 0, 5, 55
"c:\Users\11146\OneDrive\ACM\OpenjudgeOld\nuoyanli\P2895 [USACO08FEB]Meteor Shower S.cpp", "C++", 81, 0, 0, 0, 0, 0, 0, 5, 3, 89
"c:\Users\11146\OneDrive\ACM\OpenjudgeOld\nuoyanli\U135649 皇室战争.cpp", "C++", 86, 0, 0, 0, 0, 0, 0, 5, 6, 97
"c:\Users\11146\OneDrive\ACM\OpenjudgeOld\nuoyanli\WAAAAA.cpp", "C++", 70, 0, 0, 0, 0, 0, 0, 0, 6, 76
"c:\Users\11146\OneDrive\ACM\OpenjudgeOld\nuoyanli\kuku吃糖果.cpp", "C++", 34, 0, 0, 0, 0, 0, 0, 0, 4, 38
"c:\Users\11146\OneDrive\ACM\OpenjudgeOld\nuoyanli\qmh的测试4加强.cpp", "C++", 36, 0, 0, 0, 0, 0, 0, 0, 4, 40
"c:\Users\11146\OneDrive\ACM\OpenjudgeOld\nuoyanli\test.cpp", "C++", 9, 0, 0, 0, 0, 0, 0, 0, 2, 11
"c:\Users\11146\OneDrive\ACM\OpenjudgeOld\nuoyanli\wk学长的期末考试.cpp", "C++", 36, 0, 0, 0, 0, 0, 0, 2, 4, 42
"c:\Users\11146\OneDrive\ACM\OpenjudgeOld\nuoyanli\yzj学长的即兴发挥.cpp", "C++", 32, 0, 0, 0, 0, 0, 0, 1, 4, 37
"c:\Users\11146\OneDrive\ACM\OpenjudgeOld\nuoyanli\上课不摸鱼的lyj.cpp", "C++", 16, 0, 0, 0, 0, 0, 0, 0, 3, 19
"c:\Users\11146\OneDrive\ACM\OpenjudgeOld\nuoyanli\今天你步道乐跑了吗？.cpp", "C++", 80, 0, 0, 0, 0, 0, 0, 4, 5, 89
"c:\Users\11146\OneDrive\ACM\OpenjudgeOld\nuoyanli\会场安排问题.cpp", "C++", 42, 0, 0, 0, 0, 0, 0, 0, 5, 47
"c:\Users\11146\OneDrive\ACM\OpenjudgeOld\nuoyanli\区间类覆盖（二）.cpp", "C++", 62, 0, 0, 0, 0, 0, 0, 0, 6, 68
"c:\Users\11146\OneDrive\ACM\OpenjudgeOld\nuoyanli\区间类覆盖（二）（rebuild）.cpp", "C++", 66, 0, 0, 0, 0, 0, 0, 0, 5, 71
"c:\Users\11146\OneDrive\ACM\OpenjudgeOld\nuoyanli\区间覆盖类（一）.cpp", "C++", 48, 0, 0, 0, 0, 0, 0, 1, 5, 54
"c:\Users\11146\OneDrive\ACM\OpenjudgeOld\nuoyanli\卧槽，简单.cpp", "C++", 23, 0, 0, 0, 0, 0, 0, 0, 4, 27
"c:\Users\11146\OneDrive\ACM\OpenjudgeOld\nuoyanli\周末舞会.cpp", "C++", 26, 0, 0, 0, 0, 0, 0, 0, 3, 29
"c:\Users\11146\OneDrive\ACM\OpenjudgeOld\nuoyanli\围圈报数.cpp", "C++", 26, 0, 0, 0, 0, 0, 0, 0, 3, 29
"c:\Users\11146\OneDrive\ACM\OpenjudgeOld\nuoyanli\国王的魔镜.cpp", "C++", 34, 0, 0, 0, 0, 0, 0, 0, 5, 39
"c:\Users\11146\OneDrive\ACM\OpenjudgeOld\nuoyanli\圈钱杯.cpp", "C++", 24, 0, 0, 0, 0, 0, 0, 0, 3, 27
"c:\Users\11146\OneDrive\ACM\OpenjudgeOld\nuoyanli\基德和京极真的对决.cpp", "C++", 26, 0, 0, 0, 0, 0, 0, 0, 4, 30
"c:\Users\11146\OneDrive\ACM\OpenjudgeOld\nuoyanli\奥斯堕落夫斯基娃的炸鸡(尺取).cpp", "C++", 65, 0, 0, 0, 0, 0, 0, 1, 6, 72
"c:\Users\11146\OneDrive\ACM\OpenjudgeOld\nuoyanli\帮助kiki.cpp", "C++", 70, 0, 0, 0, 0, 0, 0, 0, 4, 74
"c:\Users\11146\OneDrive\ACM\OpenjudgeOld\nuoyanli\快来签到呀.cpp", "C++", 51, 0, 0, 0, 0, 0, 0, 0, 5, 56
"c:\Users\11146\OneDrive\ACM\OpenjudgeOld\nuoyanli\我才是真正的签到题.cpp", "C++", 55, 0, 0, 0, 0, 0, 0, 0, 2, 57
"c:\Users\11146\OneDrive\ACM\OpenjudgeOld\nuoyanli\我是签到题.cpp", "C++", 40, 0, 0, 0, 0, 0, 0, 2, 6, 48
"c:\Users\11146\OneDrive\ACM\OpenjudgeOld\nuoyanli\我裂开了.cpp", "C++", 24, 0, 0, 0, 0, 0, 0, 5, 5, 34
"c:\Users\11146\OneDrive\ACM\OpenjudgeOld\nuoyanli\找点.cpp", "C++", 39, 0, 0, 0, 0, 0, 0, 1, 6, 46
"c:\Users\11146\OneDrive\ACM\OpenjudgeOld\nuoyanli\最大子矩阵.cpp", "C++", 35, 0, 0, 0, 0, 0, 0, 7, 4, 46
"c:\Users\11146\OneDrive\ACM\OpenjudgeOld\nuoyanli\洗衣机.cpp", "C++", 40, 0, 0, 0, 0, 0, 0, 0, 4, 44
"c:\Users\11146\OneDrive\ACM\OpenjudgeOld\nuoyanli\看看，这说的是人话嘛？.cpp", "C++", 67, 0, 0, 0, 0, 0, 0, 0, 7, 74
"c:\Users\11146\OneDrive\ACM\OpenjudgeOld\nuoyanli\签到不签到他们说了不算.cpp", "C++", 54, 0, 0, 0, 0, 0, 0, 1, 5, 60
"c:\Users\11146\OneDrive\ACM\OpenjudgeOld\nuoyanli\签到题（CF1194D 1-2-K Game）.cpp", "C++", 29, 0, 0, 0, 0, 0, 0, 0, 4, 33
"c:\Users\11146\OneDrive\ACM\OpenjudgeOld\nuoyanli\系统警告，Bronya请求支援.cpp", "C++", 75, 0, 0, 0, 0, 0, 0, 0, 6, 81
"c:\Users\11146\OneDrive\ACM\OpenjudgeOld\nuoyanli\绯色的子弹.cpp", "C++", 50, 0, 0, 0, 0, 0, 0, 0, 5, 55
"c:\Users\11146\OneDrive\ACM\OpenjudgeOld\nuoyanli\运气糖果.cpp", "C++", 31, 0, 0, 0, 0, 0, 0, 0, 6, 37
"c:\Users\11146\OneDrive\ACM\OpenjudgeOld\nuoyanli\那时候年轻，不知道命运赠送的礼物，早已在暗中标好价格。.cpp", "C++", 36, 0, 0, 0, 0, 0, 0, 0, 3, 39
"c:\Users\11146\OneDrive\ACM\OpenjudgeOld\nuoyanli\鬼的质问.cpp", "C++", 134, 0, 0, 0, 0, 0, 0, 0, 12, 146
"c:\Users\11146\OneDrive\ACM\day.py", "Python", 0, 24, 0, 0, 0, 0, 0, 2, 3, 29
"c:\Users\11146\OneDrive\ACM\day1.py", "Python", 0, 24, 0, 0, 0, 0, 0, 2, 3, 29
"c:\Users\11146\OneDrive\ACM\genshin-fps-unlock-main\.vs\ProjectSettings.json", "JSON", 0, 0, 3, 0, 0, 0, 0, 0, 0, 3
"c:\Users\11146\OneDrive\ACM\genshin-fps-unlock-main\.vs\VSWorkspaceState.json", "JSON", 0, 0, 8, 0, 0, 0, 0, 0, 0, 8
"c:\Users\11146\OneDrive\ACM\genshin-fps-unlock-main\.vs\tasks.vs.json", "JSON", 0, 0, 10, 0, 0, 0, 0, 0, 0, 10
"c:\Users\11146\OneDrive\ACM\genshin-fps-unlock-main\CppProperties.json", "JSON", 0, 0, 37, 0, 0, 0, 0, 0, 0, 37
"c:\Users\11146\OneDrive\ACM\genshin-fps-unlock-main\README.md", "Markdown", 0, 0, 0, 30, 0, 0, 0, 0, 4, 34
"c:\Users\11146\OneDrive\ACM\genshin-fps-unlock-main\unlockfps\.vs\ProjectSettings.json", "JSON", 0, 0, 3, 0, 0, 0, 0, 0, 0, 3
"c:\Users\11146\OneDrive\ACM\genshin-fps-unlock-main\unlockfps\.vs\VSWorkspaceState.json", "JSON", 0, 0, 7, 0, 0, 0, 0, 0, 0, 7
"c:\Users\11146\OneDrive\ACM\genshin-fps-unlock-main\unlockfps\Debug\unlockfps.Build.CppClean.log", "Log", 0, 0, 0, 0, 0, 3, 0, 0, 1, 4
"c:\Users\11146\OneDrive\ACM\genshin-fps-unlock-main\unlockfps\main.cpp", "C++", 315, 0, 0, 0, 0, 0, 0, 30, 59, 404
"c:\Users\11146\OneDrive\ACM\genshin-fps-unlock-main\unlockfps\unlockfps.vcxproj", "XML", 0, 0, 0, 0, 156, 0, 0, 0, 0, 156
"c:\Users\11146\OneDrive\ACM\genshin-fps-unlock-main\unlockfps\x64\Debug\unlockfps.log", "Log", 0, 0, 0, 0, 0, 8, 0, 0, 1, 9
"c:\Users\11146\OneDrive\ACM\genshin-fps-unlock-main\unlockfps\x64\Release\unlockfps.log", "Log", 0, 0, 0, 0, 0, 7, 0, 0, 1, 8
"c:\Users\11146\OneDrive\ACM\temp\11.coo.cpp", "C++", 117, 0, 0, 0, 0, 0, 0, 2, 5, 124
"c:\Users\11146\OneDrive\ACM\temp\Untitled-1.cpp", "C++", 179, 0, 0, 0, 0, 0, 0, 2, 2, 183
"c:\Users\11146\OneDrive\ACM\temp\defs.h", "C++", 353, 0, 0, 0, 0, 0, 0, 59, 51, 463
"c:\Users\11146\OneDrive\ACM\temp\temp.c", "C", 0, 0, 0, 0, 0, 0, 33312, 1172, 790, 35274
"c:\Users\11146\OneDrive\ACM\template.cpp", "C++", 39, 0, 0, 0, 0, 0, 0, 1, 3, 43
"c:\Users\11146\OneDrive\ACM\京东全国大学生算法设计与编程精英赛\B.cpp", "C++", 50, 0, 0, 0, 0, 0, 0, 0, 6, 56
"c:\Users\11146\OneDrive\ACM\京东全国大学生算法设计与编程精英赛\D.cpp", "C++", 111, 0, 0, 0, 0, 0, 0, 4, 7, 122
"Total", "-", 48641, 48, 68, 30, 156, 18, 33312, 3373, 4756, 90402